DDate,CSINumber,Symbol,Exchange,DClose,UnAdjustedClose,TotalVolume,Cash,MarketName,PTB,PSR,DPS
20100512,93743,NKA,NYSE,13.37403607,19.1,182849,0,Niska Gas Storage Partners,0,0,0
20100513,93743,NKA,NYSE,13.37403607,19.1,24124,0,Niska Gas Storage Partners,0,0,0
20100514,93743,NKA,NYSE,13.15697056,18.79,12262,0,Niska Gas Storage Partners,0,0,0
20100517,93743,NKA,NYSE,13.26900437,18.95,6278,0,Niska Gas Storage Partners,0,0,0
20100518,93743,NKA,NYSE,13.26900437,18.95,5447,0,Niska Gas Storage Partners,0,0,0
20100519,93743,NKA,NYSE,12.61080574,18.01,13309,0,Niska Gas Storage Partners,0,0,0
20100520,93743,NKA,NYSE,12.67382475,18.1,6946,0,Niska Gas Storage Partners,0,0,0
20100521,93743,NKA,NYSE,12.65982053,18.08,4944,0,Niska Gas Storage Partners,0,0,0
20100524,93743,NKA,NYSE,12.78585856,18.26,1437,0,Niska Gas Storage Partners,0,0,0
20100525,93743,NKA,NYSE,12.56879306,17.95,3073,0,Niska Gas Storage Partners,0,0,0
20100526,93743,NKA,NYSE,12.78585856,18.26,3872,0,Niska Gas Storage Partners,0,0,0
20100527,93743,NKA,NYSE,13.27600648,18.96,4002,0,Niska Gas Storage Partners,0,0,0
20100528,93743,NKA,NYSE,13.19898324,18.85,2017,0,Niska Gas Storage Partners,0,0,0
20100601,93743,NKA,NYSE,12.99592196,18.56,1715,0,Niska Gas Storage Partners,0,0,0
20100602,93743,NKA,NYSE,13.03793464,18.62,1512,0,Niska Gas Storage Partners,0,0,0
20100603,93743,NKA,NYSE,13.08694943,18.69,303,0,Niska Gas Storage Partners,0,0,0
20100604,93743,NKA,NYSE,12.93290294,18.47,1067,0,Niska Gas Storage Partners,0,0,0
20100607,93743,NKA,NYSE,12.81386702,18.3,875,0,Niska Gas Storage Partners,0,0,0
20100608,93743,NKA,NYSE,12.750848,18.21,1699,0,Niska Gas Storage Partners,0,0,0
20100609,93743,NKA,NYSE,12.67382475,18.1,1500,0,Niska Gas Storage Partners,0,0,0
20100610,93743,NKA,NYSE,12.66682264,18.09,1227,0,Niska Gas Storage Partners,0,0,0
20100611,93743,NKA,NYSE,12.68082687,18.11,1571,0,Niska Gas Storage Partners,0,0,0
20100614,93743,NKA,NYSE,12.56879306,17.95,2174,0,Niska Gas Storage Partners,0,0,0
20100615,93743,NKA,NYSE,12.62480996,18.03,2686,0,Niska Gas Storage Partners,0,0,0
20100616,93743,NKA,NYSE,12.71583743,18.16,2015,0,Niska Gas Storage Partners,0,0,0
20100617,93743,NKA,NYSE,12.65281842,18.07,1652,0,Niska Gas Storage Partners,0,0,0
20100618,93743,NKA,NYSE,13.05894098,18.65,2746,0,Niska Gas Storage Partners,0,0,0
20100621,93743,NKA,NYSE,12.86288181,18.37,2149,0,Niska Gas Storage Partners,0,0,0
20100622,93743,NKA,NYSE,12.70183321,18.14,4413,0,Niska Gas Storage Partners,0,0,0
20100623,93743,NKA,NYSE,12.9118966,18.44,3855,0,Niska Gas Storage Partners,0,0,0
20100624,93743,NKA,NYSE,12.98891985,18.55,857,0,Niska Gas Storage Partners,0,0,0
20100625,93743,NKA,NYSE,13.15697056,18.79,377,0,Niska Gas Storage Partners,0,0,0
20100628,93743,NKA,NYSE,13.02393041,18.6,854,0,Niska Gas Storage Partners,0,0,0
20100629,93743,NKA,NYSE,12.96091139,18.51,563,0,Niska Gas Storage Partners,0,0,0
20100630,93743,NKA,NYSE,12.99592196,18.56,446,0,Niska Gas Storage Partners,0,0,0
20100701,93743,NKA,NYSE,12.8068649,18.29,1939,0,Niska Gas Storage Partners,0,0,0
20100702,93743,NKA,NYSE,12.84887758,18.35,1961,0,Niska Gas Storage Partners,0,0,0
20100706,93743,NKA,NYSE,12.81386702,18.3,1362,0,Niska Gas Storage Partners,0,0,0
20100707,93743,NKA,NYSE,13.08694943,18.69,497,0,Niska Gas Storage Partners,0,0,0
20100708,93743,NKA,NYSE,13.14296633,18.77,2021,0,Niska Gas Storage Partners,0,0,0
20100709,93743,NKA,NYSE,13.30401494,19,1722,0,Niska Gas Storage Partners,0,0,0
20100712,93743,NKA,NYSE,13.17097479,18.81,1065,0,Niska Gas Storage Partners,0,0,0
20100713,93743,NKA,NYSE,13.30401494,19,4379,0,Niska Gas Storage Partners,0,0,0
20100714,93743,NKA,NYSE,13.30401494,19,1194,0,Niska Gas Storage Partners,0,0,0
20100715,93743,NKA,NYSE,13.38103818,19.11,2663,0,Niska Gas Storage Partners,0,0,0
20100716,93743,NKA,NYSE,13.30401494,19,528,0,Niska Gas Storage Partners,0,0,0
20100719,93743,NKA,NYSE,13.30401494,19,2052,0,Niska Gas Storage Partners,0,0,0
20100720,93743,NKA,NYSE,13.51407833,19.3,1580,0,Niska Gas Storage Partners,0,0,0
20100721,93743,NKA,NYSE,13.54208678,19.34,1308,0,Niska Gas Storage Partners,0,0,0
20100722,93743,NKA,NYSE,13.51407833,19.3,4209,0,Niska Gas Storage Partners,0,0,0
20100723,93743,NKA,NYSE,13.49307199,19.27,2952,0,Niska Gas Storage Partners,0,0,0
20100726,93743,NKA,NYSE,13.5490889,19.35,2703,0,Niska Gas Storage Partners,0,0,0
20100727,93743,NKA,NYSE,13.51407833,19.3,2918,0,Niska Gas Storage Partners,0,0,0
20100728,93743,NKA,NYSE,13.52108044,19.31,1330,0,Niska Gas Storage Partners,0,0,0
20100729,93743,NKA,NYSE,13.40904663,19.15,2298,0,Niska Gas Storage Partners,0,0,0
20100730,93743,NKA,NYSE,13.43705509,19.19,1717,0,Niska Gas Storage Partners,0,0,0
20100802,93743,NKA,NYSE,13.58409946,19.4,2489,0,Niska Gas Storage Partners,0,0,0
20100803,93743,NKA,NYSE,13.51407833,19.3,2305,0,Niska Gas Storage Partners,0,0,0
20100804,93743,NKA,NYSE,13.59810369,19.42,2521,0,Niska Gas Storage Partners,0,0,0
20100805,93743,NKA,NYSE,13.47906776,19.25,1847,0,Niska Gas Storage Partners,0,0,0
20100806,93743,NKA,NYSE,13.21975981,18.71,2799,0,Niska Gas Storage Partners,0,0,0
20100809,93743,NKA,NYSE,13.19856297,18.68,1768,0,Niska Gas Storage Partners,0,0,0
20100810,93743,NKA,NYSE,13.12790685,18.58,2615,0,Niska Gas Storage Partners,0,0,0
20100811,93743,NKA,NYSE,13.00072584,18.4,3143,0,Niska Gas Storage Partners,0,0,0
20100812,93743,NKA,NYSE,13.1561693,18.62,2463,0,Niska Gas Storage Partners,0,0,0
20100813,93743,NKA,NYSE,13.38933449,18.95,977,0,Niska Gas Storage Partners,0,0,0
20100816,93743,NKA,NYSE,13.25508787,18.76,1172,0,Niska Gas Storage Partners,0,0,0
20100817,93743,NKA,NYSE,13.12084124,18.57,5210,0,Niska Gas Storage Partners,0,0,0
20100818,93743,NKA,NYSE,13.08551318,18.52,11877,0,Niska Gas Storage Partners,0,0,0
20100819,93743,NKA,NYSE,13.07138196,18.5,1057,0,Niska Gas Storage Partners,0,0,0
20100820,93743,NKA,NYSE,13.07138196,18.5,476,0,Niska Gas Storage Partners,0,0,0
20100823,93743,NKA,NYSE,13.10671002,18.55,701,0,Niska Gas Storage Partners,0,0,0
20100824,93743,NKA,NYSE,13.07844757,18.51,2069,0,Niska Gas Storage Partners,0,0,0
20100825,93743,NKA,NYSE,13.08551318,18.52,1536,0,Niska Gas Storage Partners,0,0,0
20100826,93743,NKA,NYSE,13.10671002,18.55,2853,0,Niska Gas Storage Partners,0,0,0
20100827,93743,NKA,NYSE,13.31161276,18.84,2560,0,Niska Gas Storage Partners,0,0,0
20100830,93743,NKA,NYSE,13.28335032,18.8,1025,0,Niska Gas Storage Partners,0,0,0
20100831,93743,NKA,NYSE,13.33987521,18.88,590,0,Niska Gas Storage Partners,0,0,0
20100901,93743,NKA,NYSE,13.38933449,18.95,769,0,Niska Gas Storage Partners,0,0,0
20100902,93743,NKA,NYSE,13.36813766,18.92,299,0,Niska Gas Storage Partners,0,0,0
20100903,93743,NKA,NYSE,13.36813766,18.92,1241,0,Niska Gas Storage Partners,0,0,0
20100907,93743,NKA,NYSE,13.47412184,19.07,1069,0,Niska Gas Storage Partners,0,0,0
20100908,93743,NKA,NYSE,13.35400643,18.9,1281,0,Niska Gas Storage Partners,0,0,0
20100909,93743,NKA,NYSE,13.35400643,18.9,2373,0,Niska Gas Storage Partners,0,0,0
20100910,93743,NKA,NYSE,13.38226888,18.94,2242,0,Niska Gas Storage Partners,0,0,0
20100913,93743,NKA,NYSE,13.45999061,19.05,2567,0,Niska Gas Storage Partners,0,0,0
20100914,93743,NKA,NYSE,13.46705622,19.06,2366,0,Niska Gas Storage Partners,0,0,0
20100915,93743,NKA,NYSE,13.42466255,19,2828,0,Niska Gas Storage Partners,0,0,0
20100916,93743,NKA,NYSE,13.37520327,18.93,3376,0,Niska Gas Storage Partners,0,0,0
20100917,93743,NKA,NYSE,13.32574399,18.86,2842,0,Niska Gas Storage Partners,0,0,0
20100920,93743,NKA,NYSE,13.28335032,18.8,2225,0,Niska Gas Storage Partners,0,0,0
20100921,93743,NKA,NYSE,13.452925,19.04,4737,0,Niska Gas Storage Partners,0,0,0
20100922,93743,NKA,NYSE,13.51651551,19.13,2952,0,Niska Gas Storage Partners,0,0,0
20100923,93743,NKA,NYSE,13.48825306,19.09,2620,0,Niska Gas Storage Partners,0,0,0
20100924,93743,NKA,NYSE,13.47412184,19.07,2964,0,Niska Gas Storage Partners,0,0,0
20100927,93743,NKA,NYSE,13.54477795,19.17,1891,0,Niska Gas Storage Partners,0,0,0
20100928,93743,NKA,NYSE,13.72141825,19.42,2434,0,Niska Gas Storage Partners,0,0,0
20100929,93743,NKA,NYSE,13.68609019,19.37,1626,0,Niska Gas Storage Partners,0,0,0
20100930,93743,NKA,NYSE,13.70728703,19.4,1795,0,Niska Gas Storage Partners,0,0,0
20101001,93743,NKA,NYSE,13.91925538,19.7,3085,0,Niska Gas Storage Partners,0,0,0
20101004,93743,NKA,NYSE,13.9899115,19.8,1997,0,Niska Gas Storage Partners,0,0,0
20101005,93743,NKA,NYSE,13.96164905,19.76,1485,0,Niska Gas Storage Partners,0,0,0
20101006,93743,NKA,NYSE,14.13828935,20.01,3848,0,Niska Gas Storage Partners,0,0,0
20101007,93743,NKA,NYSE,14.1665518,20.05,3367,0,Niska Gas Storage Partners,0,0,0
20101008,93743,NKA,NYSE,14.18774863,20.08,1621,0,Niska Gas Storage Partners,0,0,0
20101011,93743,NKA,NYSE,14.15242058,20.03,2218,0,Niska Gas Storage Partners,0,0,0
20101012,93743,NKA,NYSE,14.20187986,20.1,1619,0,Niska Gas Storage Partners,0,0,0
20101013,93743,NKA,NYSE,14.20894547,20.11,2505,0,Niska Gas Storage Partners,0,0,0
20101014,93743,NKA,NYSE,14.19481425,20.09,1807,0,Niska Gas Storage Partners,0,0,0
20101015,93743,NKA,NYSE,14.13122374,20,2337,0,Niska Gas Storage Partners,0,0,0
20101018,93743,NKA,NYSE,14.13828935,20.01,1701,0,Niska Gas Storage Partners,0,0,0
20101019,93743,NKA,NYSE,14.07469884,19.92,2433,0,Niska Gas Storage Partners,0,0,0
20101020,93743,NKA,NYSE,14.08883007,19.94,3848,0,Niska Gas Storage Partners,0,0,0
20101021,93743,NKA,NYSE,14.08883007,19.94,1645,0,Niska Gas Storage Partners,0,0,0
20101022,93743,NKA,NYSE,14.1100269,19.97,1449,0,Niska Gas Storage Partners,0,0,0
20101025,93743,NKA,NYSE,14.13122374,20,2294,0,Niska Gas Storage Partners,0,0,0
20101026,93743,NKA,NYSE,14.06056762,19.9,1438,0,Niska Gas Storage Partners,0,0,0
20101027,93743,NKA,NYSE,14.09589568,19.95,1490,0,Niska Gas Storage Partners,0,0,0
20101028,93743,NKA,NYSE,14.06056762,19.9,1224,0,Niska Gas Storage Partners,0,0,0
20101029,93743,NKA,NYSE,14.08883007,19.94,1145,0,Niska Gas Storage Partners,0,0,0
20101101,93743,NKA,NYSE,14.10296129,19.96,1203,0,Niska Gas Storage Partners,0,0,0
20101102,93743,NKA,NYSE,14.21601108,20.12,1408,0,Niska Gas Storage Partners,0,0,0
20101103,93743,NKA,NYSE,14.27960159,20.21,1330,0,Niska Gas Storage Partners,0,0,0
20101104,93743,NKA,NYSE,14.29373281,20.23,2297,0,Niska Gas Storage Partners,0,0,0
20101105,93743,NKA,NYSE,14.29373281,20.23,1267,0,Niska Gas Storage Partners,0,0,0
20101108,93743,NKA,NYSE,14.35125286,19.96,2095,0,Niska Gas Storage Partners,0,0,0
20101109,93743,NKA,NYSE,14.20026273,19.75,2641,0,Niska Gas Storage Partners,0,0,0
20101110,93743,NKA,NYSE,14.30811283,19.9,1524,0,Niska Gas Storage Partners,0,0,0
20101111,93743,NKA,NYSE,14.25059277,19.82,1313,0,Niska Gas Storage Partners,0,0,0
20101112,93743,NKA,NYSE,14.32249284,19.92,3665,0,Niska Gas Storage Partners,0,0,0
20101115,93743,NKA,NYSE,14.22902275,19.79,1373,0,Niska Gas Storage Partners,0,0,0
20101116,93743,NKA,NYSE,14.1643127,19.7,2282,0,Niska Gas Storage Partners,0,0,0
20101117,93743,NKA,NYSE,14.12836266,19.65,683,0,Niska Gas Storage Partners,0,0,0
20101118,93743,NKA,NYSE,14.12836266,19.65,1007,0,Niska Gas Storage Partners,0,0,0
20101119,93743,NKA,NYSE,14.21464274,19.77,1480,0,Niska Gas Storage Partners,0,0,0
20101122,93743,NKA,NYSE,14.19307272,19.74,719,0,Niska Gas Storage Partners,0,0,0
20101123,93743,NKA,NYSE,14.09241263,19.6,811,0,Niska Gas Storage Partners,0,0,0
20101124,93743,NKA,NYSE,14.25778278,19.83,975,0,Niska Gas Storage Partners,0,0,0
20101126,93743,NKA,NYSE,14.25059277,19.82,385,0,Niska Gas Storage Partners,0,0,0
20101129,93743,NKA,NYSE,14.25778278,19.83,1720,0,Niska Gas Storage Partners,0,0,0
20101130,93743,NKA,NYSE,14.36563288,19.98,2758,0,Niska Gas Storage Partners,0,0,0
20101201,93743,NKA,NYSE,14.33687285,19.94,1229,0,Niska Gas Storage Partners,0,0,0
20101202,93743,NKA,NYSE,14.43753294,20.08,2377,0,Niska Gas Storage Partners,0,0,0
20101203,93743,NKA,NYSE,14.42315293,20.06,1476,0,Niska Gas Storage Partners,0,0,0
20101206,93743,NKA,NYSE,14.502243,20.17,917,0,Niska Gas Storage Partners,0,0,0
20101207,93743,NKA,NYSE,14.42315293,20.06,1676,0,Niska Gas Storage Partners,0,0,0
20101208,93743,NKA,NYSE,14.27216279,19.85,1083,0,Niska Gas Storage Partners,0,0,0
20101209,93743,NKA,NYSE,14.35844287,19.97,950,0,Niska Gas Storage Partners,0,0,0
20101210,93743,NKA,NYSE,14.60290309,20.31,1134,0,Niska Gas Storage Partners,0,0,0
20101213,93743,NKA,NYSE,14.50943301,20.18,1028,0,Niska Gas Storage Partners,0,0,0
20101214,93743,NKA,NYSE,14.44472295,20.09,1085,0,Niska Gas Storage Partners,0,0,0
20101215,93743,NKA,NYSE,14.48067298,20.14,4408,0,Niska Gas Storage Partners,0,0,0
20101216,93743,NKA,NYSE,14.3872029,20.01,2629,0,Niska Gas Storage Partners,0,0,0
20101217,93743,NKA,NYSE,14.37282288,19.99,7076,0,Niska Gas Storage Partners,0,0,0
20101220,93743,NKA,NYSE,14.33687285,19.94,697,0,Niska Gas Storage Partners,0,0,0
20101221,93743,NKA,NYSE,14.20026273,19.75,1097,0,Niska Gas Storage Partners,0,0,0
20101222,93743,NKA,NYSE,14.22183275,19.78,969,0,Niska Gas Storage Partners,0,0,0
20101223,93743,NKA,NYSE,14.33687285,19.94,1419,0,Niska Gas Storage Partners,0,0,0
20101227,93743,NKA,NYSE,14.3872029,20.01,727,0,Niska Gas Storage Partners,0,0,0
20101228,93743,NKA,NYSE,14.38001289,20,836,0,Niska Gas Storage Partners,0,0,0
20101229,93743,NKA,NYSE,14.30092282,19.89,1227,0,Niska Gas Storage Partners,0,0,0
20101230,93743,NKA,NYSE,14.30811283,19.9,759,0,Niska Gas Storage Partners,0,0,0
20101231,93743,NKA,NYSE,14.34406286,19.95,563,0,Niska Gas Storage Partners,0,0,0
20110103,93743,NKA,NYSE,14.42315293,20.06,1303,0,Niska Gas Storage Partners,0,0,0
20110104,93743,NKA,NYSE,14.38001289,20,1367,0,Niska Gas Storage Partners,0,0,0
20110105,93743,NKA,NYSE,14.36563288,19.98,1011,0,Niska Gas Storage Partners,0,0,0
20110106,93743,NKA,NYSE,14.38001289,20,1138,0,Niska Gas Storage Partners,0,0,0
20110107,93743,NKA,NYSE,14.36563288,19.98,1182,0,Niska Gas Storage Partners,0,0,0
20110110,93743,NKA,NYSE,14.33687285,19.94,1420,0,Niska Gas Storage Partners,0,0,0
20110111,93743,NKA,NYSE,14.38001289,20,1634,0,Niska Gas Storage Partners,0,0,0
20110112,93743,NKA,NYSE,14.3872029,20.01,1220,0,Niska Gas Storage Partners,0,0,0
20110113,93743,NKA,NYSE,14.3872029,20.01,1570,0,Niska Gas Storage Partners,0,0,0
20110114,93743,NKA,NYSE,14.40158291,20.03,2843,0,Niska Gas Storage Partners,0,0,0
20110118,93743,NKA,NYSE,14.6100931,20.32,1426,0,Niska Gas Storage Partners,0,0,0
20110119,93743,NKA,NYSE,14.3872029,20.01,1363,0,Niska Gas Storage Partners,0,0,0
20110120,93743,NKA,NYSE,14.22902275,19.79,905,0,Niska Gas Storage Partners,0,0,0
20110121,93743,NKA,NYSE,14.40158291,20.03,825,0,Niska Gas Storage Partners,0,0,0
20110124,93743,NKA,NYSE,14.3943929,20.02,887,0,Niska Gas Storage Partners,0,0,0
20110125,93743,NKA,NYSE,14.42315293,20.06,548,0,Niska Gas Storage Partners,0,0,0
20110126,93743,NKA,NYSE,14.45191295,20.1,1259,0,Niska Gas Storage Partners,0,0,0
20110127,93743,NKA,NYSE,14.34406286,19.95,808,0,Niska Gas Storage Partners,0,0,0
20110128,93743,NKA,NYSE,14.38001289,20,673,0,Niska Gas Storage Partners,0,0,0
20110131,93743,NKA,NYSE,14.49505299,20.16,967,0,Niska Gas Storage Partners,0,0,0
20110201,93743,NKA,NYSE,14.40877292,20.04,890,0,Niska Gas Storage Partners,0,0,0
20110202,93743,NKA,NYSE,14.3943929,20.02,1309,0,Niska Gas Storage Partners,0,0,0
20110203,93743,NKA,NYSE,14.50416204,19.82,1334,0,Niska Gas Storage Partners,0,0,0
20110204,93743,NKA,NYSE,14.54075175,19.87,512,0,Niska Gas Storage Partners,0,0,0
20110207,93743,NKA,NYSE,14.53343381,19.86,682,0,Niska Gas Storage Partners,0,0,0
20110208,93743,NKA,NYSE,14.30657759,19.55,1558,0,Niska Gas Storage Partners,0,0,0
20110209,93743,NKA,NYSE,14.3943929,19.67,2078,0,Niska Gas Storage Partners,0,0,0
20110210,93743,NKA,NYSE,14.52611587,19.85,790,0,Niska Gas Storage Partners,0,0,0
20110211,93743,NKA,NYSE,14.54075175,19.87,1148,0,Niska Gas Storage Partners,0,0,0
20110214,93743,NKA,NYSE,14.62124912,19.98,1537,0,Niska Gas Storage Partners,0,0,0
20110215,93743,NKA,NYSE,14.63588501,20,1894,0,Niska Gas Storage Partners,0,0,0
20110216,93743,NKA,NYSE,14.70906443,20.1,1144,0,Niska Gas Storage Partners,0,0,0
20110217,93743,NKA,NYSE,14.62856706,19.99,499,0,Niska Gas Storage Partners,0,0,0
20110218,93743,NKA,NYSE,14.59929529,19.95,481,0,Niska Gas Storage Partners,0,0,0
20110222,93743,NKA,NYSE,14.71638237,20.11,663,0,Niska Gas Storage Partners,0,0,0
20110223,93743,NKA,NYSE,14.73101826,20.13,1164,0,Niska Gas Storage Partners,0,0,0
20110224,93743,NKA,NYSE,14.63588501,20,1828,0,Niska Gas Storage Partners,0,0,0
20110225,93743,NKA,NYSE,14.7895618,20.21,1036,0,Niska Gas Storage Partners,0,0,0
20110228,93743,NKA,NYSE,14.81883357,20.25,1026,0,Niska Gas Storage Partners,0,0,0
20110301,93743,NKA,NYSE,14.92860271,20.4,1645,0,Niska Gas Storage Partners,0,0,0
20110302,93743,NKA,NYSE,15.05300773,20.57,1764,0,Niska Gas Storage Partners,0,0,0
20110303,93743,NKA,NYSE,15.07496156,20.6,1108,0,Niska Gas Storage Partners,0,0,0
20110304,93743,NKA,NYSE,15.06764361,20.59,1525,0,Niska Gas Storage Partners,0,0,0
20110307,93743,NKA,NYSE,15.11155127,20.65,1081,0,Niska Gas Storage Partners,0,0,0
20110308,93743,NKA,NYSE,15.10423333,20.64,816,0,Niska Gas Storage Partners,0,0,0
20110309,93743,NKA,NYSE,15.11155127,20.65,2499,0,Niska Gas Storage Partners,0,0,0
20110310,93743,NKA,NYSE,14.88469505,20.34,1858,0,Niska Gas Storage Partners,0,0,0
20110311,93743,NKA,NYSE,14.95787448,20.44,885,0,Niska Gas Storage Partners,0,0,0
20110314,93743,NKA,NYSE,14.96519242,20.45,1606,0,Niska Gas Storage Partners,0,0,0
20110315,93743,NKA,NYSE,14.72370032,20.12,988,0,Niska Gas Storage Partners,0,0,0
20110316,93743,NKA,NYSE,14.84810534,20.29,1111,0,Niska Gas Storage Partners,0,0,0
20110317,93743,NKA,NYSE,15.14082304,20.69,838,0,Niska Gas Storage Partners,0,0,0
20110318,93743,NKA,NYSE,15.00910007,20.51,1095,0,Niska Gas Storage Partners,0,0,0
20110321,93743,NKA,NYSE,15.12618715,20.67,823,0,Niska Gas Storage Partners,0,0,0
20110322,93743,NKA,NYSE,15.19936658,20.77,1010,0,Niska Gas Storage Partners,0,0,0
20110323,93743,NKA,NYSE,15.14814098,20.7,1615,0,Niska Gas Storage Partners,0,0,0
20110324,93743,NKA,NYSE,15.70430461,21.46,8841,0,Niska Gas Storage Partners,0,0,0
20110325,93743,NKA,NYSE,15.85066346,21.66,2774,0,Niska Gas Storage Partners,0,0,0
20110328,93743,NKA,NYSE,15.86529935,21.68,3262,0,Niska Gas Storage Partners,0,0,0
20110329,93743,NKA,NYSE,15.79943786,21.59,2751,0,Niska Gas Storage Partners,0,0,0
20110330,93743,NKA,NYSE,16.00434025,21.87,2346,0,Niska Gas Storage Partners,0,0,0
20110331,93743,NKA,NYSE,16.00434025,21.87,1427,0,Niska Gas Storage Partners,0,0,0
20110401,93743,NKA,NYSE,16.06288379,21.95,1417,0,Niska Gas Storage Partners,0,0,0
20110404,93743,NKA,NYSE,15.98238643,21.84,1723,0,Niska Gas Storage Partners,0,0,0
20110405,93743,NKA,NYSE,15.64576107,21.38,3009,0,Niska Gas Storage Partners,0,0,0
20110406,93743,NKA,NYSE,16.16533499,22.09,3543,0,Niska Gas Storage Partners,0,0,0
20110407,93743,NKA,NYSE,15.55794576,21.26,3731,0,Niska Gas Storage Partners,0,0,0
20110408,93743,NKA,NYSE,15.55062782,21.25,2691,0,Niska Gas Storage Partners,0,0,0
20110411,93743,NKA,NYSE,15.73357638,21.5,2719,0,Niska Gas Storage Partners,0,0,0
20110412,93743,NKA,NYSE,15.67503284,21.42,1552,0,Niska Gas Storage Partners,0,0,0
20110413,93743,NKA,NYSE,15.82139169,21.62,1131,0,Niska Gas Storage Partners,0,0,0
20110414,93743,NKA,NYSE,15.9604326,21.81,1168,0,Niska Gas Storage Partners,0,0,0
20110415,93743,NKA,NYSE,15.80675581,21.6,1041,0,Niska Gas Storage Partners,0,0,0
20110418,93743,NKA,NYSE,15.75553021,21.53,1301,0,Niska Gas Storage Partners,0,0,0
20110419,93743,NKA,NYSE,15.74089432,21.51,1167,0,Niska Gas Storage Partners,0,0,0
20110420,93743,NKA,NYSE,15.85066346,21.66,1368,0,Niska Gas Storage Partners,0,0,0
20110421,93743,NKA,NYSE,15.76284815,21.54,3163,0,Niska Gas Storage Partners,0,0,0
20110425,93743,NKA,NYSE,15.91652494,21.75,1653,0,Niska Gas Storage Partners,0,0,0
20110426,93743,NKA,NYSE,15.86529935,21.68,1263,0,Niska Gas Storage Partners,0,0,0
20110427,93743,NKA,NYSE,15.82139169,21.62,1902,0,Niska Gas Storage Partners,0,0,0
20110428,93743,NKA,NYSE,15.79943786,21.59,1674,0,Niska Gas Storage Partners,0,0,0
20110429,93743,NKA,NYSE,15.80675581,21.6,2651,0,Niska Gas Storage Partners,0,0,0
20110502,93743,NKA,NYSE,15.78480198,21.57,2104,0,Niska Gas Storage Partners,0,0,0
20110503,93743,NKA,NYSE,15.64576107,21.38,5519,0,Niska Gas Storage Partners,0,0,0
20110504,93743,NKA,NYSE,15.5862432,20.95,5305,0,Niska Gas Storage Partners,0,0,0
20110505,93743,NKA,NYSE,15.6085624,20.98,2531,0,Niska Gas Storage Partners,0,0,0
20110506,93743,NKA,NYSE,15.61600213,20.99,2273,0,Niska Gas Storage Partners,0,0,0
20110509,93743,NKA,NYSE,15.66064054,21.05,2016,0,Niska Gas Storage Partners,0,0,0
20110510,93743,NKA,NYSE,15.47464718,20.8,2796,0,Niska Gas Storage Partners,0,0,0
20110511,93743,NKA,NYSE,15.60112267,20.97,1312,0,Niska Gas Storage Partners,0,0,0
20110512,93743,NKA,NYSE,15.5862432,20.95,5766,0,Niska Gas Storage Partners,0,0,0
20110513,93743,NKA,NYSE,15.51184585,20.85,2643,0,Niska Gas Storage Partners,0,0,0
20110516,93743,NKA,NYSE,15.46720745,20.79,2122,0,Niska Gas Storage Partners,0,0,0
20110517,93743,NKA,NYSE,15.3035333,20.57,5437,0,Niska Gas Storage Partners,0,0,0
20110518,93743,NKA,NYSE,15.25145516,20.5,2441,0,Niska Gas Storage Partners,0,0,0
20110519,93743,NKA,NYSE,14.83483004,19.94,7891,0,Niska Gas Storage Partners,0,0,0
20110520,93743,NKA,NYSE,14.69347509,19.75,4721,0,Niska Gas Storage Partners,0,0,0
20110523,93743,NKA,NYSE,14.61907775,19.65,2238,0,Niska Gas Storage Partners,0,0,0
20110524,93743,NKA,NYSE,14.69347509,19.75,2878,0,Niska Gas Storage Partners,0,0,0
20110525,93743,NKA,NYSE,14.52980094,19.53,1997,0,Niska Gas Storage Partners,0,0,0
20110526,93743,NKA,NYSE,14.51492147,19.51,1675,0,Niska Gas Storage Partners,0,0,0
20110527,93743,NKA,NYSE,14.55955987,19.57,1399,0,Niska Gas Storage Partners,0,0,0
20110531,93743,NKA,NYSE,14.44052413,19.41,1479,0,Niska Gas Storage Partners,0,0,0
20110601,93743,NKA,NYSE,14.31404865,19.24,2148,0,Niska Gas Storage Partners,0,0,0
20110602,93743,NKA,NYSE,13.86766459,18.64,4122,0,Niska Gas Storage Partners,0,0,0
20110603,93743,NKA,NYSE,13.912303,18.7,1942,0,Niska Gas Storage Partners,0,0,0
20110606,93743,NKA,NYSE,13.64447256,18.34,2067,0,Niska Gas Storage Partners,0,0,0
20110607,93743,NKA,NYSE,12.98233622,17.45,7522,0,Niska Gas Storage Partners,0,0,0
20110608,93743,NKA,NYSE,12.72194552,17.1,5223,0,Niska Gas Storage Partners,0,0,0
20110609,93743,NKA,NYSE,13.57007522,18.24,8273,0,Niska Gas Storage Partners,0,0,0
20110610,93743,NKA,NYSE,14.31404865,19.24,7836,0,Niska Gas Storage Partners,0,0,0
20110613,93743,NKA,NYSE,14.06109768,18.9,3631,0,Niska Gas Storage Partners,0,0,0
20110614,93743,NKA,NYSE,14.01645928,18.84,1765,0,Niska Gas Storage Partners,0,0,0
20110615,93743,NKA,NYSE,13.57007522,18.24,1737,0,Niska Gas Storage Partners,0,0,0
20110616,93743,NKA,NYSE,13.1311309,17.65,2543,0,Niska Gas Storage Partners,0,0,0
20110617,93743,NKA,NYSE,13.55519575,18.22,4282,0,Niska Gas Storage Partners,0,0,0
20110620,93743,NKA,NYSE,12.93025808,17.38,4285,0,Niska Gas Storage Partners,0,0,0
20110621,93743,NKA,NYSE,12.88561967,17.32,3965,0,Niska Gas Storage Partners,0,0,0
20110622,93743,NKA,NYSE,12.87074021,17.3,2161,0,Niska Gas Storage Partners,0,0,0
20110623,93743,NKA,NYSE,12.57315084,16.9,4280,0,Niska Gas Storage Partners,0,0,0
20110624,93743,NKA,NYSE,12.45411509,16.74,3987,0,Niska Gas Storage Partners,0,0,0
20110627,93743,NKA,NYSE,12.08956811,16.25,6836,0,Niska Gas Storage Partners,0,0,0
20110628,93743,NKA,NYSE,12.37227801,16.63,3769,0,Niska Gas Storage Partners,0,0,0
20110629,93743,NKA,NYSE,12.57315084,16.9,3203,0,Niska Gas Storage Partners,0,0,0
20110630,93743,NKA,NYSE,12.7814634,17.18,3723,0,Niska Gas Storage Partners,0,0,0
20110701,93743,NKA,NYSE,12.8261018,17.24,1866,0,Niska Gas Storage Partners,0,0,0
20110705,93743,NKA,NYSE,12.66242765,17.02,1938,0,Niska Gas Storage Partners,0,0,0
20110706,93743,NKA,NYSE,12.8261018,17.24,5921,0,Niska Gas Storage Partners,0,0,0
20110707,93743,NKA,NYSE,13.09393223,17.6,2346,0,Niska Gas Storage Partners,0,0,0
20110708,93743,NKA,NYSE,12.96745675,17.43,2401,0,Niska Gas Storage Partners,0,0,0
20110711,93743,NKA,NYSE,12.77402366,17.17,1469,0,Niska Gas Storage Partners,0,0,0
20110712,93743,NKA,NYSE,12.73682499,17.12,1680,0,Niska Gas Storage Partners,0,0,0
20110713,93743,NKA,NYSE,12.68474685,17.05,3047,0,Niska Gas Storage Partners,0,0,0
20110714,93743,NKA,NYSE,12.65498791,17.01,3487,0,Niska Gas Storage Partners,0,0,0
20110715,93743,NKA,NYSE,13.0641733,17.56,3557,0,Niska Gas Storage Partners,0,0,0
20110718,93743,NKA,NYSE,12.87817994,17.31,2379,0,Niska Gas Storage Partners,0,0,0
20110719,93743,NKA,NYSE,12.8037826,17.21,2274,0,Niska Gas Storage Partners,0,0,0
20110720,93743,NKA,NYSE,12.67730712,17.04,2669,0,Niska Gas Storage Partners,0,0,0
20110721,93743,NKA,NYSE,12.66242765,17.02,3577,0,Niska Gas Storage Partners,0,0,0
20110722,93743,NKA,NYSE,12.32763961,16.57,5003,0,Niska Gas Storage Partners,0,0,0
20110725,93743,NKA,NYSE,12.23092306,16.44,2669,0,Niska Gas Storage Partners,0,0,0
20110726,93743,NKA,NYSE,12.06724891,16.22,2551,0,Niska Gas Storage Partners,0,0,0
20110727,93743,NKA,NYSE,11.96309263,16.08,2411,0,Niska Gas Storage Partners,0,0,0
20110728,93743,NKA,NYSE,12.08956811,16.25,2004,0,Niska Gas Storage Partners,0,0,0
20110729,93743,NKA,NYSE,12.0226105,16.16,1773,0,Niska Gas Storage Partners,0,0,0
20110801,93743,NKA,NYSE,12.13420652,16.31,1854,0,Niska Gas Storage Partners,0,0,0
20110802,93743,NKA,NYSE,12.20116413,16.4,3729,0,Niska Gas Storage Partners,0,0,0
20110803,93743,NKA,NYSE,12.07193061,15.88,318,0,Niska Gas Storage Partners,0,0,0
20110804,93743,NKA,NYSE,11.74504584,15.45,3920,0,Niska Gas Storage Partners,0,0,0
20110805,93743,NKA,NYSE,11.76785175,15.48,4590,0,Niska Gas Storage Partners,0,0,0
20110808,93743,NKA,NYSE,10.95444081,14.41,6134,0,Niska Gas Storage Partners,0,0,0
20110809,93743,NKA,NYSE,10.85561518,14.28,5595,0,Niska Gas Storage Partners,0,0,0
20110810,93743,NKA,NYSE,11.19010193,14.72,3237,0,Niska Gas Storage Partners,0,0,0
20110811,93743,NKA,NYSE,9.160375559,12.05,28725,0,Niska Gas Storage Partners,0,0,0
20110812,93743,NKA,NYSE,9.000734159,11.84,10871,0,Niska Gas Storage Partners,0,0,0
20110815,93743,NKA,NYSE,9.046345987,11.9,4537,0,Niska Gas Storage Partners,0,0,0
20110816,93743,NKA,NYSE,9.031142044,11.88,3516,0,Niska Gas Storage Partners,0,0,0
20110817,93743,NKA,NYSE,8.795480931,11.57,6152,0,Niska Gas Storage Partners,0,0,0
20110818,93743,NKA,NYSE,8.575023759,11.28,3119,0,Niska Gas Storage Partners,0,0,0
20110819,93743,NKA,NYSE,8.651043474,11.38,4359,0,Niska Gas Storage Partners,0,0,0
20110822,93743,NKA,NYSE,8.575023759,11.28,2263,0,Niska Gas Storage Partners,0,0,0
20110823,93743,NKA,NYSE,8.734665159,11.49,3465,0,Niska Gas Storage Partners,0,0,0
20110824,93743,NKA,NYSE,8.772675016,11.54,1836,0,Niska Gas Storage Partners,0,0,0
20110825,93743,NKA,NYSE,8.856296702,11.65,1856,0,Niska Gas Storage Partners,0,0,0
20110826,93743,NKA,NYSE,8.962724302,11.79,1589,0,Niska Gas Storage Partners,0,0,0
20110829,93743,NKA,NYSE,9.43404653,12.41,2284,0,Niska Gas Storage Partners,0,0,0
20110830,93743,NKA,NYSE,9.548076101,12.56,2182,0,Niska Gas Storage Partners,0,0,0
20110831,93743,NKA,NYSE,9.639299758,12.68,1836,0,Niska Gas Storage Partners,0,0,0
20110901,93743,NKA,NYSE,9.601289901,12.63,1400,0,Niska Gas Storage Partners,0,0,0
20110902,93743,NKA,NYSE,9.8141451,12.91,2977,0,Niska Gas Storage Partners,0,0,0
20110906,93743,NKA,NYSE,9.578483987,12.6,1371,0,Niska Gas Storage Partners,0,0,0
20110907,93743,NKA,NYSE,9.882562843,13,1163,0,Niska Gas Storage Partners,0,0,0
20110908,93743,NKA,NYSE,9.981388472,13.13,1727,0,Niska Gas Storage Partners,0,0,0
20110909,93743,NKA,NYSE,9.897766786,13.02,1504,0,Niska Gas Storage Partners,0,0,0
20110912,93743,NKA,NYSE,9.745727358,12.82,1260,0,Niska Gas Storage Partners,0,0,0
20110913,93743,NKA,NYSE,9.198385416,12.1,3614,0,Niska Gas Storage Partners,0,0,0
20110914,93743,NKA,NYSE,9.145171616,12.03,1931,0,Niska Gas Storage Partners,0,0,0
20110915,93743,NKA,NYSE,9.213589358,12.12,1318,0,Niska Gas Storage Partners,0,0,0
20110916,93743,NKA,NYSE,9.304813016,12.24,7530,0,Niska Gas Storage Partners,0,0,0
20110919,93743,NKA,NYSE,9.472056387,12.46,1697,0,Niska Gas Storage Partners,0,0,0
20110920,93743,NKA,NYSE,9.373230758,12.33,1444,0,Niska Gas Storage Partners,0,0,0
20110921,93743,NKA,NYSE,9.107161759,11.98,1140,0,Niska Gas Storage Partners,0,0,0
20110922,93743,NKA,NYSE,8.818286845,11.6,2106,0,Niska Gas Storage Partners,0,0,0
20110923,93743,NKA,NYSE,8.909510502,11.72,980,0,Niska Gas Storage Partners,0,0,0
20110926,93743,NKA,NYSE,9.015938102,11.86,1312,0,Niska Gas Storage Partners,0,0,0
20110927,93743,NKA,NYSE,9.091957816,11.96,1044,0,Niska Gas Storage Partners,0,0,0
20110928,93743,NKA,NYSE,8.818286845,11.6,1248,0,Niska Gas Storage Partners,0,0,0
20110929,93743,NKA,NYSE,8.749869102,11.51,839,0,Niska Gas Storage Partners,0,0,0
20110930,93743,NKA,NYSE,8.84869473,11.64,1336,0,Niska Gas Storage Partners,0,0,0
20111003,93743,NKA,NYSE,8.514207988,11.2,1656,0,Niska Gas Storage Partners,0,0,0
20111004,93743,NKA,NYSE,8.635839531,11.36,2366,0,Niska Gas Storage Partners,0,0,0
20111005,93743,NKA,NYSE,8.719461216,11.47,1133,0,Niska Gas Storage Partners,0,0,0
20111006,93743,NKA,NYSE,8.742267131,11.5,816,0,Niska Gas Storage Partners,0,0,0
20111007,93743,NKA,NYSE,8.430586302,11.09,1309,0,Niska Gas Storage Partners,0,0,0
20111010,93743,NKA,NYSE,8.537013902,11.23,1789,0,Niska Gas Storage Partners,0,0,0
20111011,93743,NKA,NYSE,8.658645445,11.39,2023,0,Niska Gas Storage Partners,0,0,0
20111012,93743,NKA,NYSE,8.628237559,11.35,1014,0,Niska Gas Storage Partners,0,0,0
20111013,93743,NKA,NYSE,8.514207988,11.2,1164,0,Niska Gas Storage Partners,0,0,0
20111014,93743,NKA,NYSE,8.483800102,11.16,1137,0,Niska Gas Storage Partners,0,0,0
20111017,93743,NKA,NYSE,8.050487732,10.59,2060,0,Niska Gas Storage Partners,0,0,0
20111018,93743,NKA,NYSE,8.20252716,10.79,1785,0,Niska Gas Storage Partners,0,0,0
20111019,93743,NKA,NYSE,8.210129131,10.8,1643,0,Niska Gas Storage Partners,0,0,0
20111020,93743,NKA,NYSE,8.947520359,11.77,2623,0,Niska Gas Storage Partners,0,0,0
20111021,93743,NKA,NYSE,9.350424844,12.3,5970,0,Niska Gas Storage Partners,0,0,0
20111024,93743,NKA,NYSE,9.449250472,12.43,3727,0,Niska Gas Storage Partners,0,0,0
20111025,93743,NKA,NYSE,9.312414987,12.25,1905,0,Niska Gas Storage Partners,0,0,0
20111026,93743,NKA,NYSE,9.403638644,12.37,1514,0,Niska Gas Storage Partners,0,0,0
20111027,93743,NKA,NYSE,9.692513558,12.75,1746,0,Niska Gas Storage Partners,0,0,0
20111028,93743,NKA,NYSE,9.738125386,12.81,1352,0,Niska Gas Storage Partners,0,0,0
20111031,93743,NKA,NYSE,9.798941158,12.89,1079,0,Niska Gas Storage Partners,0,0,0
20111101,93743,NKA,NYSE,9.418842587,12.39,1455,0,Niska Gas Storage Partners,0,0,0
20111102,93743,NKA,NYSE,9.411240615,12.38,1994,0,Niska Gas Storage Partners,0,0,0
20111103,93743,NKA,NYSE,8.643441502,11.37,3846,0,Niska Gas Storage Partners,0,0,0
20111104,93743,NKA,NYSE,8.30895476,10.93,3357,0,Niska Gas Storage Partners,0,0,0
20111107,93743,NKA,NYSE,8.278546874,10.89,4413,0,Niska Gas Storage Partners,0,0,0
20111108,93743,NKA,NYSE,8.270944903,10.88,3253,0,Niska Gas Storage Partners,0,0,0
20111109,93743,NKA,NYSE,8.129561229,10.35,789,0,Niska Gas Storage Partners,0,0,0
20111110,93743,NKA,NYSE,7.69755556,9.8,3807,0,Niska Gas Storage Partners,0,0,0
20111111,93743,NKA,NYSE,7.516898644,9.57,3830,0,Niska Gas Storage Partners,0,0,0
20111114,93743,NKA,NYSE,7.658282317,9.75,4774,0,Niska Gas Storage Partners,0,0,0
20111115,93743,NKA,NYSE,7.367660322,9.38,3901,0,Niska Gas Storage Partners,0,0,0
20111116,93743,NKA,NYSE,7.179148757,9.14,3972,0,Niska Gas Storage Partners,0,0,0
20111117,93743,NKA,NYSE,7.116311569,9.06,6450,0,Niska Gas Storage Partners,0,0,0
20111118,93743,NKA,NYSE,7.187003405,9.15,2489,0,Niska Gas Storage Partners,0,0,0
20111121,93743,NKA,NYSE,7.084892975,9.02,3054,0,Niska Gas Storage Partners,0,0,0
20111122,93743,NKA,NYSE,7.029910435,8.95,2297,0,Niska Gas Storage Partners,0,0,0
20111123,93743,NKA,NYSE,6.959218598,8.86,1768,0,Niska Gas Storage Partners,0,0,0
20111125,93743,NKA,NYSE,6.967073247,8.87,682,0,Niska Gas Storage Partners,0,0,0
20111128,93743,NKA,NYSE,7.422642861,9.45,4719,0,Niska Gas Storage Partners,0,0,0
20111129,93743,NKA,NYSE,7.304823133,9.3,5347,0,Niska Gas Storage Partners,0,0,0
20111130,93743,NKA,NYSE,7.603299778,9.68,2923,0,Niska Gas Storage Partners,0,0,0
20111201,93743,NKA,NYSE,7.571881183,9.64,1962,0,Niska Gas Storage Partners,0,0,0
20111202,93743,NKA,NYSE,7.713264857,9.82,3269,0,Niska Gas Storage Partners,0,0,0
20111205,93743,NKA,NYSE,7.7525381,9.87,1907,0,Niska Gas Storage Partners,0,0,0
20111206,93743,NKA,NYSE,7.64257302,9.73,1857,0,Niska Gas Storage Partners,0,0,0
20111207,93743,NKA,NYSE,7.611154426,9.69,1454,0,Niska Gas Storage Partners,0,0,0
20111208,93743,NKA,NYSE,7.367660322,9.38,2000,0,Niska Gas Storage Partners,0,0,0
20111209,93743,NKA,NYSE,7.454061455,9.49,1756,0,Niska Gas Storage Partners,0,0,0
20111212,93743,NKA,NYSE,7.43049751,9.46,2015,0,Niska Gas Storage Partners,0,0,0
20111213,93743,NKA,NYSE,7.359805673,9.37,1637,0,Niska Gas Storage Partners,0,0,0
20111214,93743,NKA,NYSE,7.32053243,9.32,1332,0,Niska Gas Storage Partners,0,0,0
20111215,93743,NKA,NYSE,7.336241728,9.34,1208,0,Niska Gas Storage Partners,0,0,0
20111216,93743,NKA,NYSE,7.689700911,9.79,4009,0,Niska Gas Storage Partners,0,0,0
20111219,93743,NKA,NYSE,7.344096376,9.35,3576,0,Niska Gas Storage Partners,0,0,0
20111220,93743,NKA,NYSE,7.257695242,9.24,3794,0,Niska Gas Storage Partners,0,0,0
20111221,93743,NKA,NYSE,7.257695242,9.24,3019,0,Niska Gas Storage Partners,0,0,0
20111222,93743,NKA,NYSE,7.241985945,9.22,3215,0,Niska Gas Storage Partners,0,0,0
20111223,93743,NKA,NYSE,7.132020866,9.08,3062,0,Niska Gas Storage Partners,0,0,0
20111227,93743,NKA,NYSE,7.037765083,8.96,3966,0,Niska Gas Storage Partners,0,0,0
20111228,93743,NKA,NYSE,6.998491841,8.91,3905,0,Niska Gas Storage Partners,0,0,0
20111229,93743,NKA,NYSE,7.092747623,9.03,3893,0,Niska Gas Storage Partners,0,0,0
20111230,93743,NKA,NYSE,6.982782544,8.89,5954,0,Niska Gas Storage Partners,0,0,0
20120103,93743,NKA,NYSE,7.37551497,9.39,3100,0,Niska Gas Storage Partners,0,0,0
20120104,93743,NKA,NYSE,7.650427669,9.74,2194,0,Niska Gas Storage Partners,0,0,0
20120105,93743,NKA,NYSE,7.650427669,9.74,1796,0,Niska Gas Storage Partners,0,0,0
20120106,93743,NKA,NYSE,7.634718372,9.72,1454,0,Niska Gas Storage Partners,0,0,0
20120109,93743,NKA,NYSE,7.69755556,9.8,2520,0,Niska Gas Storage Partners,0,0,0
20120110,93743,NKA,NYSE,7.658282317,9.75,1347,0,Niska Gas Storage Partners,0,0,0
20120111,93743,NKA,NYSE,7.831084585,9.97,2020,0,Niska Gas Storage Partners,0,0,0
20120112,93743,NKA,NYSE,7.838939233,9.98,1553,0,Niska Gas Storage Partners,0,0,0
20120113,93743,NKA,NYSE,7.705410208,9.81,2271,0,Niska Gas Storage Partners,0,0,0
20120117,93743,NKA,NYSE,7.438352158,9.47,2654,0,Niska Gas Storage Partners,0,0,0
20120118,93743,NKA,NYSE,7.532607941,9.59,3507,0,Niska Gas Storage Partners,0,0,0
20120119,93743,NKA,NYSE,7.477625401,9.52,2509,0,Niska Gas Storage Partners,0,0,0
20120120,93743,NKA,NYSE,7.571881183,9.64,1426,0,Niska Gas Storage Partners,0,0,0
20120123,93743,NKA,NYSE,7.69755556,9.8,2691,0,Niska Gas Storage Partners,0,0,0
20120124,93743,NKA,NYSE,7.823229936,9.96,2265,0,Niska Gas Storage Partners,0,0,0
20120125,93743,NKA,NYSE,8.090287986,10.3,3802,0,Niska Gas Storage Partners,0,0,0
20120126,93743,NKA,NYSE,8.428037873,10.73,4797,0,Niska Gas Storage Partners,0,0,0
20120127,93743,NKA,NYSE,8.506584359,10.83,2494,0,Niska Gas Storage Partners,0,0,0
20120130,93743,NKA,NYSE,8.23167166,10.48,5000,0,Niska Gas Storage Partners,0,0,0
20120131,93743,NKA,NYSE,8.074578689,10.28,2937,0,Niska Gas Storage Partners,0,0,0
20120201,93743,NKA,NYSE,7.579735832,9.65,7602,0,Niska Gas Storage Partners,0,0,0
20120202,93743,NKA,NYSE,7.05347438,8.98,14711,0,Niska Gas Storage Partners,0,0,0
20120203,93743,NKA,NYSE,7.351951025,9.36,4476,0,Niska Gas Storage Partners,0,0,0
20120206,93743,NKA,NYSE,7.744683451,9.86,4870,0,Niska Gas Storage Partners,0,0,0
20120207,93743,NKA,NYSE,8.043160095,10.24,6026,0,Niska Gas Storage Partners,0,0,0
20120208,93743,NKA,NYSE,8.074578689,10.28,7914,0,Niska Gas Storage Partners,0,0,0
20120209,93743,NKA,NYSE,7.659872231,9.42,863,0,Niska Gas Storage Partners,0,0,0
20120210,93743,NKA,NYSE,7.456584751,9.17,3702,0,Niska Gas Storage Partners,0,0,0
20120213,93743,NKA,NYSE,7.594820238,9.34,2109,0,Niska Gas Storage Partners,0,0,0
20120214,93743,NKA,NYSE,7.537899743,9.27,2233,0,Niska Gas Storage Partners,0,0,0
20120215,93743,NKA,NYSE,7.407795756,9.11,3371,0,Niska Gas Storage Partners,0,0,0
20120216,93743,NKA,NYSE,7.863159711,9.67,4698,0,Niska Gas Storage Partners,0,0,0
20120217,93743,NKA,NYSE,7.716792725,9.49,3715,0,Niska Gas Storage Partners,0,0,0
20120221,93743,NKA,NYSE,7.602951737,9.35,2522,0,Niska Gas Storage Partners,0,0,0
20120222,93743,NKA,NYSE,7.578557239,9.32,2209,0,Niska Gas Storage Partners,0,0,0
20120223,93743,NKA,NYSE,7.643609233,9.4,1242,0,Niska Gas Storage Partners,0,0,0
20120224,93743,NKA,NYSE,7.724924225,9.5,1709,0,Niska Gas Storage Partners,0,0,0
20120227,93743,NKA,NYSE,7.684266729,9.45,1451,0,Niska Gas Storage Partners,0,0,0
20120228,93743,NKA,NYSE,7.749318722,9.53,2788,0,Niska Gas Storage Partners,0,0,0
20120229,93743,NKA,NYSE,7.676135229,9.44,1872,0,Niska Gas Storage Partners,0,0,0
20120301,93743,NKA,NYSE,7.789976218,9.58,1269,0,Niska Gas Storage Partners,0,0,0
20120302,93743,NKA,NYSE,7.619214735,9.37,3472,0,Niska Gas Storage Partners,0,0,0
20120305,93743,NKA,NYSE,7.76558172,9.55,1470,0,Niska Gas Storage Partners,0,0,0
20120306,93743,NKA,NYSE,7.651740732,9.41,1023,0,Niska Gas Storage Partners,0,0,0
20120307,93743,NKA,NYSE,7.635477733,9.39,1262,0,Niska Gas Storage Partners,0,0,0
20120308,93743,NKA,NYSE,7.708661226,9.48,1018,0,Niska Gas Storage Partners,0,0,0
20120309,93743,NKA,NYSE,7.635477733,9.39,1128,0,Niska Gas Storage Partners,0,0,0
20120312,93743,NKA,NYSE,7.57042574,9.31,1039,0,Niska Gas Storage Partners,0,0,0
20120313,93743,NKA,NYSE,7.611083236,9.36,876,0,Niska Gas Storage Partners,0,0,0
20120314,93743,NKA,NYSE,7.505373747,9.23,794,0,Niska Gas Storage Partners,0,0,0
20120315,93743,NKA,NYSE,7.627346234,9.38,689,0,Niska Gas Storage Partners,0,0,0
20120316,93743,NKA,NYSE,7.684266729,9.45,3878,0,Niska Gas Storage Partners,0,0,0
20120319,93743,NKA,NYSE,7.602951737,9.35,2773,0,Niska Gas Storage Partners,0,0,0
20120320,93743,NKA,NYSE,7.586688738,9.33,1107,0,Niska Gas Storage Partners,0,0,0
20120321,93743,NKA,NYSE,7.562294241,9.3,1697,0,Niska Gas Storage Partners,0,0,0
20120322,93743,NKA,NYSE,7.562294241,9.3,1156,0,Niska Gas Storage Partners,0,0,0
20120323,93743,NKA,NYSE,7.57042574,9.31,830,0,Niska Gas Storage Partners,0,0,0
20120326,93743,NKA,NYSE,7.562294241,9.3,1600,0,Niska Gas Storage Partners,0,0,0
20120327,93743,NKA,NYSE,7.627346234,9.38,2060,0,Niska Gas Storage Partners,0,0,0
20120328,93743,NKA,NYSE,7.659872231,9.42,851,0,Niska Gas Storage Partners,0,0,0
20120329,93743,NKA,NYSE,7.651740732,9.41,1468,0,Niska Gas Storage Partners,0,0,0
20120330,93743,NKA,NYSE,7.757450221,9.54,1658,0,Niska Gas Storage Partners,0,0,0
20120402,93743,NKA,NYSE,7.676135229,9.44,1445,0,Niska Gas Storage Partners,0,0,0
20120403,93743,NKA,NYSE,7.684266729,9.45,1017,0,Niska Gas Storage Partners,0,0,0
20120404,93743,NKA,NYSE,7.716792725,9.49,1070,0,Niska Gas Storage Partners,0,0,0
20120405,93743,NKA,NYSE,7.749318722,9.53,1108,0,Niska Gas Storage Partners,0,0,0
20120409,93743,NKA,NYSE,7.692398228,9.46,876,0,Niska Gas Storage Partners,0,0,0
20120410,93743,NKA,NYSE,7.643609233,9.4,922,0,Niska Gas Storage Partners,0,0,0
20120411,93743,NKA,NYSE,7.822502215,9.62,991,0,Niska Gas Storage Partners,0,0,0
20120412,93743,NKA,NYSE,8.090841688,9.95,1904,0,Niska Gas Storage Partners,0,0,0
20120413,93743,NKA,NYSE,7.659872231,9.42,1776,0,Niska Gas Storage Partners,0,0,0
20120416,93743,NKA,NYSE,7.554162742,9.29,1505,0,Niska Gas Storage Partners,0,0,0
20120417,93743,NKA,NYSE,7.594820238,9.34,1038,0,Niska Gas Storage Partners,0,0,0
20120418,93743,NKA,NYSE,7.76558172,9.55,1209,0,Niska Gas Storage Partners,0,0,0
20120419,93743,NKA,NYSE,8.505548146,10.46,9595,0,Niska Gas Storage Partners,0,0,0
20120420,93743,NKA,NYSE,8.895860107,10.94,9712,0,Niska Gas Storage Partners,0,0,0
20120423,93743,NKA,NYSE,9.416276055,11.58,6346,0,Niska Gas Storage Partners,0,0,0
20120424,93743,NKA,NYSE,9.814719515,12.07,10247,0,Niska Gas Storage Partners,0,0,0
20120425,93743,NKA,NYSE,9.66022103,11.88,7409,0,Niska Gas Storage Partners,0,0,0
20120426,93743,NKA,NYSE,9.839114012,12.1,5567,0,Niska Gas Storage Partners,0,0,0
20120427,93743,NKA,NYSE,9.993612497,12.29,4662,0,Niska Gas Storage Partners,0,0,0
20120430,93743,NKA,NYSE,10.32700396,12.7,7836,0,Niska Gas Storage Partners,0,0,0
20120501,93743,NKA,NYSE,10.57094894,13,6273,0,Niska Gas Storage Partners,0,0,0
20120502,93743,NKA,NYSE,10.5876619,12.67,4028,0,Niska Gas Storage Partners,0,0,0
20120503,93743,NKA,NYSE,9.994351724,11.96,3686,0,Niska Gas Storage Partners,0,0,0
20120504,93743,NKA,NYSE,10.25340265,12.27,4647,0,Niska Gas Storage Partners,0,0,0
20120507,93743,NKA,NYSE,9.342546177,11.18,4476,0,Niska Gas Storage Partners,0,0,0
20120508,93743,NKA,NYSE,9.133634142,10.93,4254,0,Niska Gas Storage Partners,0,0,0
20120509,93743,NKA,NYSE,9.676805432,11.58,2316,0,Niska Gas Storage Partners,0,0,0
20120510,93743,NKA,NYSE,9.576527655,11.46,3054,0,Niska Gas Storage Partners,0,0,0
20120511,93743,NKA,NYSE,9.2422684,11.06,1759,0,Niska Gas Storage Partners,0,0,0
20120514,93743,NKA,NYSE,9.066782291,10.85,2161,0,Niska Gas Storage Partners,0,0,0
20120515,93743,NKA,NYSE,9.334189695,11.17,4062,0,Niska Gas Storage Partners,0,0,0
20120516,93743,NKA,NYSE,9.267337844,11.09,2487,0,Niska Gas Storage Partners,0,0,0
20120517,93743,NKA,NYSE,9.325833214,11.16,2028,0,Niska Gas Storage Partners,0,0,0
20120518,93743,NKA,NYSE,9.30076377,11.13,1476,0,Niska Gas Storage Partners,0,0,0
20120521,93743,NKA,NYSE,9.551458211,11.43,1693,0,Niska Gas Storage Partners,0,0,0
20120522,93743,NKA,NYSE,10.27011561,12.29,6658,0,Niska Gas Storage Partners,0,0,0
20120523,93743,NKA,NYSE,10.04449061,12.02,2190,0,Niska Gas Storage Partners,0,0,0
20120524,93743,NKA,NYSE,10.41217579,12.46,1771,0,Niska Gas Storage Partners,0,0,0
20120525,93743,NKA,NYSE,10.15312487,12.15,1255,0,Niska Gas Storage Partners,0,0,0
20120529,93743,NKA,NYSE,9.985995243,11.95,2243,0,Niska Gas Storage Partners,0,0,0
20120530,93743,NKA,NYSE,9.752013764,11.67,1776,0,Niska Gas Storage Partners,0,0,0
20120531,93743,NKA,NYSE,9.919143392,11.87,1192,0,Niska Gas Storage Partners,0,0,0
20120601,93743,NKA,NYSE,9.777083208,11.7,1017,0,Niska Gas Storage Partners,0,0,0
20120604,93743,NKA,NYSE,10.06120357,12.04,1412,0,Niska Gas Storage Partners,0,0,0
20120605,93743,NKA,NYSE,10.21997672,12.23,1186,0,Niska Gas Storage Partners,0,0,0
20120606,93743,NKA,NYSE,10.26175913,12.28,1465,0,Niska Gas Storage Partners,0,0,0
20120607,93743,NKA,NYSE,10.07791654,12.06,1448,0,Niska Gas Storage Partners,0,0,0
20120608,93743,NKA,NYSE,9.902430429,11.85,2320,0,Niska Gas Storage Partners,0,0,0
20120611,93743,NKA,NYSE,9.693518394,11.6,1047,0,Niska Gas Storage Partners,0,0,0
20120612,93743,NKA,NYSE,9.42611099,11.28,2536,0,Niska Gas Storage Partners,0,0,0
20120613,93743,NKA,NYSE,9.217198956,11.03,2933,0,Niska Gas Storage Partners,0,0,0
20120614,93743,NKA,NYSE,9.083495254,10.87,1554,0,Niska Gas Storage Partners,0,0,0
20120615,93743,NKA,NYSE,8.523611002,10.2,10699,0,Niska Gas Storage Partners,0,0,0
20120618,93743,NKA,NYSE,8.3899073,10.04,3779,0,Niska Gas Storage Partners,0,0,0
20120619,93743,NKA,NYSE,8.414976744,10.07,5208,0,Niska Gas Storage Partners,0,0,0
20120620,93743,NKA,NYSE,8.373194337,10.02,1827,0,Niska Gas Storage Partners,0,0,0
20120621,93743,NKA,NYSE,9.192129512,11,9741,0,Niska Gas Storage Partners,0,0,0
20120622,93743,NKA,NYSE,9.024999885,10.8,1040,0,Niska Gas Storage Partners,0,0,0
20120625,93743,NKA,NYSE,9.175416549,10.98,1181,0,Niska Gas Storage Partners,0,0,0
20120626,93743,NKA,NYSE,9.192129512,11,839,0,Niska Gas Storage Partners,0,0,0
20120627,93743,NKA,NYSE,9.284050807,11.11,1246,0,Niska Gas Storage Partners,0,0,0
20120628,93743,NKA,NYSE,9.492962841,11.36,1398,0,Niska Gas Storage Partners,0,0,0
20120629,93743,NKA,NYSE,10.11969894,12.11,4069,0,Niska Gas Storage Partners,0,0,0
20120702,93743,NKA,NYSE,10.57930542,12.66,4344,0,Niska Gas Storage Partners,0,0,0
20120703,93743,NKA,NYSE,10.77986097,12.9,1809,0,Niska Gas Storage Partners,0,0,0
20120705,93743,NKA,NYSE,10.90520819,13.05,2980,0,Niska Gas Storage Partners,0,0,0
20120706,93743,NKA,NYSE,11.20604152,13.41,3244,0,Niska Gas Storage Partners,0,0,0
20120709,93743,NKA,NYSE,10.73807857,12.85,2310,0,Niska Gas Storage Partners,0,0,0
20120710,93743,NKA,NYSE,10.51245357,12.58,1736,0,Niska Gas Storage Partners,0,0,0
20120711,93743,NKA,NYSE,10.66287023,12.76,529,0,Niska Gas Storage Partners,0,0,0
20120712,93743,NKA,NYSE,10.57930542,12.66,907,0,Niska Gas Storage Partners,0,0,0
20120713,93743,NKA,NYSE,10.66287023,12.76,711,0,Niska Gas Storage Partners,0,0,0
20120716,93743,NKA,NYSE,10.61273135,12.7,1781,0,Niska Gas Storage Partners,0,0,0
20120717,93743,NKA,NYSE,10.69629616,12.8,2243,0,Niska Gas Storage Partners,0,0,0
20120718,93743,NKA,NYSE,10.59601838,12.68,1782,0,Niska Gas Storage Partners,0,0,0
20120719,93743,NKA,NYSE,10.56259246,12.64,1231,0,Niska Gas Storage Partners,0,0,0
20120720,93743,NKA,NYSE,10.42888876,12.48,1712,0,Niska Gas Storage Partners,0,0,0
20120723,93743,NKA,NYSE,10.61273135,12.7,880,0,Niska Gas Storage Partners,0,0,0
20120724,93743,NKA,NYSE,10.78821745,12.91,1758,0,Niska Gas Storage Partners,0,0,0
20120725,93743,NKA,NYSE,10.85506931,12.99,1218,0,Niska Gas Storage Partners,0,0,0
20120726,93743,NKA,NYSE,10.92192116,13.07,1184,0,Niska Gas Storage Partners,0,0,0
20120727,93743,NKA,NYSE,11.13083319,13.32,1216,0,Niska Gas Storage Partners,0,0,0
20120730,93743,NKA,NYSE,11.34810171,13.58,2462,0,Niska Gas Storage Partners,0,0,0
20120731,93743,NKA,NYSE,11.40659708,13.65,1438,0,Niska Gas Storage Partners,0,0,0
20120801,93743,NKA,NYSE,10.92192116,13.07,3756,0,Niska Gas Storage Partners,0,0,0
20120802,93743,NKA,NYSE,10.62944431,12.72,5973,0,Niska Gas Storage Partners,0,0,0
20120803,93743,NKA,NYSE,10.30354153,12.33,1787,0,Niska Gas Storage Partners,0,0,0
20120806,93743,NKA,NYSE,10.65451375,12.75,1791,0,Niska Gas Storage Partners,0,0,0
20120807,93743,NKA,NYSE,10.4539582,12.51,2377,0,Niska Gas Storage Partners,0,0,0
20120808,93743,NKA,NYSE,10.48738413,12.55,1966,0,Niska Gas Storage Partners,0,0,0
20120809,93743,NKA,NYSE,10.58194251,12.31,1151,0,Niska Gas Storage Partners,0,0,0
20120810,93743,NKA,NYSE,10.64211602,12.38,639,0,Niska Gas Storage Partners,0,0,0
20120813,93743,NKA,NYSE,10.60773116,12.34,576,0,Niska Gas Storage Partners,0,0,0
20120814,93743,NKA,NYSE,10.85702143,12.63,1966,0,Niska Gas Storage Partners,0,0,0
20120815,93743,NKA,NYSE,11.02034955,12.82,1128,0,Niska Gas Storage Partners,0,0,0
20120816,93743,NKA,NYSE,10.75386684,12.51,817,0,Niska Gas Storage Partners,0,0,0
20120817,93743,NKA,NYSE,10.74527062,12.5,812,0,Niska Gas Storage Partners,0,0,0
20120820,93743,NKA,NYSE,10.7882517,12.55,1203,0,Niska Gas Storage Partners,0,0,0
20120821,93743,NKA,NYSE,10.77105927,12.53,696,0,Niska Gas Storage Partners,0,0,0
20120822,93743,NKA,NYSE,10.8914063,12.67,871,0,Niska Gas Storage Partners,0,0,0
20120823,93743,NKA,NYSE,10.76246305,12.52,892,0,Niska Gas Storage Partners,0,0,0
20120824,93743,NKA,NYSE,10.82263657,12.59,252,0,Niska Gas Storage Partners,0,0,0
20120827,93743,NKA,NYSE,10.86561765,12.64,741,0,Niska Gas Storage Partners,0,0,0
20120828,93743,NKA,NYSE,10.77965549,12.54,420,0,Niska Gas Storage Partners,0,0,0
20120829,93743,NKA,NYSE,10.74527062,12.5,418,0,Niska Gas Storage Partners,0,0,0
20120830,93743,NKA,NYSE,10.74527062,12.5,228,0,Niska Gas Storage Partners,0,0,0
20120831,93743,NKA,NYSE,10.8914063,12.67,414,0,Niska Gas Storage Partners,0,0,0
20120904,93743,NKA,NYSE,10.70228954,12.45,905,0,Niska Gas Storage Partners,0,0,0
20120905,93743,NKA,NYSE,10.74527062,12.5,482,0,Niska Gas Storage Partners,0,0,0
20120906,93743,NKA,NYSE,11.05473441,12.86,1102,0,Niska Gas Storage Partners,0,0,0
20120907,93743,NKA,NYSE,11.0977155,12.91,909,0,Niska Gas Storage Partners,0,0,0
20120910,93743,NKA,NYSE,11.47594902,13.35,1007,0,Niska Gas Storage Partners,0,0,0
20120911,93743,NKA,NYSE,11.14069658,12.96,715,0,Niska Gas Storage Partners,0,0,0
20120912,93743,NKA,NYSE,11.26104361,13.1,703,0,Niska Gas Storage Partners,0,0,0
20120913,93743,NKA,NYSE,11.22665874,13.06,897,0,Niska Gas Storage Partners,0,0,0
20120914,93743,NKA,NYSE,11.42437172,13.29,999,0,Niska Gas Storage Partners,0,0,0
20120917,93743,NKA,NYSE,11.35560199,13.21,997,0,Niska Gas Storage Partners,0,0,0
20120918,93743,NKA,NYSE,11.26104361,13.1,469,0,Niska Gas Storage Partners,0,0,0
20120919,93743,NKA,NYSE,11.21806253,13.05,484,0,Niska Gas Storage Partners,0,0,0
20120920,93743,NKA,NYSE,11.17508144,13,611,0,Niska Gas Storage Partners,0,0,0
20120921,93743,NKA,NYSE,11.27823604,13.12,443,0,Niska Gas Storage Partners,0,0,0
20120924,93743,NKA,NYSE,11.41577551,13.28,476,0,Niska Gas Storage Partners,0,0,0
20120925,93743,NKA,NYSE,11.07192685,12.88,993,0,Niska Gas Storage Partners,0,0,0
20120926,93743,NKA,NYSE,10.85702143,12.63,1052,0,Niska Gas Storage Partners,0,0,0
20120927,93743,NKA,NYSE,10.83123278,12.6,1033,0,Niska Gas Storage Partners,0,0,0
20120928,93743,NKA,NYSE,10.77965549,12.54,1119,0,Niska Gas Storage Partners,0,0,0
20121001,93743,NKA,NYSE,10.75386684,12.51,831,0,Niska Gas Storage Partners,0,0,0
20121002,93743,NKA,NYSE,10.55615386,12.28,1009,0,Niska Gas Storage Partners,0,0,0
20121003,93743,NKA,NYSE,10.65930845,12.4,577,0,Niska Gas Storage Partners,0,0,0
20121004,93743,NKA,NYSE,10.72807819,12.48,754,0,Niska Gas Storage Partners,0,0,0
20121005,93743,NKA,NYSE,10.72807819,12.48,859,0,Niska Gas Storage Partners,0,0,0
20121008,93743,NKA,NYSE,10.65071224,12.39,1019,0,Niska Gas Storage Partners,0,0,0
20121009,93743,NKA,NYSE,10.61632737,12.35,658,0,Niska Gas Storage Partners,0,0,0
20121010,93743,NKA,NYSE,10.62492359,12.36,476,0,Niska Gas Storage Partners,0,0,0
20121011,93743,NKA,NYSE,10.59053872,12.32,855,0,Niska Gas Storage Partners,0,0,0
20121012,93743,NKA,NYSE,10.34124844,12.03,1383,0,Niska Gas Storage Partners,0,0,0
20121015,93743,NKA,NYSE,10.52176899,12.24,596,0,Niska Gas Storage Partners,0,0,0
20121016,93743,NKA,NYSE,10.48738413,12.2,863,0,Niska Gas Storage Partners,0,0,0
20121017,93743,NKA,NYSE,10.51317277,12.23,640,0,Niska Gas Storage Partners,0,0,0
20121018,93743,NKA,NYSE,10.48738413,12.2,745,0,Niska Gas Storage Partners,0,0,0
20121019,93743,NKA,NYSE,10.58194251,12.31,779,0,Niska Gas Storage Partners,0,0,0
20121022,93743,NKA,NYSE,10.52176899,12.24,783,0,Niska Gas Storage Partners,0,0,0
20121023,93743,NKA,NYSE,10.46159548,12.17,981,0,Niska Gas Storage Partners,0,0,0
20121024,93743,NKA,NYSE,10.34124844,12.03,753,0,Niska Gas Storage Partners,0,0,0
20121025,93743,NKA,NYSE,10.35844088,12.05,503,0,Niska Gas Storage Partners,0,0,0
20121026,93743,NKA,NYSE,10.43580683,12.14,378,0,Niska Gas Storage Partners,0,0,0
20121031,93743,NKA,NYSE,10.57334629,12.3,1140,0,Niska Gas Storage Partners,0,0,0
20121101,93743,NKA,NYSE,10.53036521,12.25,1081,0,Niska Gas Storage Partners,0,0,0
20121102,93743,NKA,NYSE,10.53036521,12.25,567,0,Niska Gas Storage Partners,0,0,0
20121105,93743,NKA,NYSE,9.748109506,11.34,4162,0,Niska Gas Storage Partners,0,0,0
20121106,93743,NKA,NYSE,10.04897708,11.69,1114,0,Niska Gas Storage Partners,0,0,0
20121107,93743,NKA,NYSE,9.748109506,11.34,2524,0,Niska Gas Storage Partners,0,0,0
20121108,93743,NKA,NYSE,9.827939339,11.08,1568,0,Niska Gas Storage Partners,0,0,0
20121109,93743,NKA,NYSE,9.473140084,10.68,4212,0,Niska Gas Storage Partners,0,0,0
20121112,93743,NKA,NYSE,8.932071222,10.07,3011,0,Niska Gas Storage Partners,0,0,0
20121113,93743,NKA,NYSE,8.949811185,10.09,3286,0,Niska Gas Storage Partners,0,0,0
20121114,93743,NKA,NYSE,9.198170663,10.37,2103,0,Niska Gas Storage Partners,0,0,0
20121115,93743,NKA,NYSE,9.748109506,10.99,2207,0,Niska Gas Storage Partners,0,0,0
20121116,93743,NKA,NYSE,10.06742884,11.35,1791,0,Niska Gas Storage Partners,0,0,0
20121119,93743,NKA,NYSE,10.20934854,11.51,837,0,Niska Gas Storage Partners,0,0,0
20121120,93743,NKA,NYSE,10.45770801,11.79,1126,0,Niska Gas Storage Partners,0,0,0
20121121,93743,NKA,NYSE,10.62623766,11.98,603,0,Niska Gas Storage Partners,0,0,0
20121123,93743,NKA,NYSE,10.53753785,11.88,182,0,Niska Gas Storage Partners,0,0,0
20121126,93743,NKA,NYSE,10.70606749,12.07,1320,0,Niska Gas Storage Partners,0,0,0
20121127,93743,NKA,NYSE,10.6084977,11.96,603,0,Niska Gas Storage Partners,0,0,0
20121128,93743,NKA,NYSE,10.01420895,11.29,1310,0,Niska Gas Storage Partners,0,0,0
20121129,93743,NKA,NYSE,9.978729022,11.25,778,0,Niska Gas Storage Partners,0,0,0
20121130,93743,NKA,NYSE,9.934379115,11.2,496,0,Niska Gas Storage Partners,0,0,0
20121203,93743,NKA,NYSE,9.943249096,11.21,805,0,Niska Gas Storage Partners,0,0,0
20121204,93743,NKA,NYSE,9.83680932,11.09,895,0,Niska Gas Storage Partners,0,0,0
20121205,93743,NKA,NYSE,9.792459413,11.04,1014,0,Niska Gas Storage Partners,0,0,0
20121206,93743,NKA,NYSE,9.881159227,11.14,833,0,Niska Gas Storage Partners,0,0,0
20121207,93743,NKA,NYSE,9.916639152,11.18,901,0,Niska Gas Storage Partners,0,0,0
20121210,93743,NKA,NYSE,9.907769171,11.17,1021,0,Niska Gas Storage Partners,0,0,0
20121211,93743,NKA,NYSE,9.890029208,11.15,506,0,Niska Gas Storage Partners,0,0,0
20121212,93743,NKA,NYSE,9.845679301,11.1,917,0,Niska Gas Storage Partners,0,0,0
20121213,93743,NKA,NYSE,9.810199376,11.06,767,0,Niska Gas Storage Partners,0,0,0
20121214,93743,NKA,NYSE,10.05855885,11.34,1106,0,Niska Gas Storage Partners,0,0,0
20121217,93743,NKA,NYSE,10.09403878,11.38,991,0,Niska Gas Storage Partners,0,0,0
20121218,93743,NKA,NYSE,9.996468984,11.27,831,0,Niska Gas Storage Partners,0,0,0
20121219,93743,NKA,NYSE,9.792459413,11.04,1203,0,Niska Gas Storage Partners,0,0,0
20121220,93743,NKA,NYSE,10.01420895,11.29,905,0,Niska Gas Storage Partners,0,0,0
20121221,93743,NKA,NYSE,9.845679301,11.1,947,0,Niska Gas Storage Partners,0,0,0
20121224,93743,NKA,NYSE,9.801329395,11.05,251,0,Niska Gas Storage Partners,0,0,0
20121226,93743,NKA,NYSE,9.756979488,11,958,0,Niska Gas Storage Partners,0,0,0
20121227,93743,NKA,NYSE,9.810199376,11.06,1218,0,Niska Gas Storage Partners,0,0,0
20121228,93743,NKA,NYSE,9.730369544,10.97,1216,0,Niska Gas Storage Partners,0,0,0
20121231,93743,NKA,NYSE,9.668279674,10.9,1560,0,Niska Gas Storage Partners,0,0,0
20130102,93743,NKA,NYSE,9.96985904,11.24,972,0,Niska Gas Storage Partners,0,0,0
20130103,93743,NKA,NYSE,10.51979788,11.86,1100,0,Niska Gas Storage Partners,0,0,0
20130104,93743,NKA,NYSE,10.44883803,11.78,2397,0,Niska Gas Storage Partners,0,0,0
20130107,93743,NKA,NYSE,10.68832753,12.05,1092,0,Niska Gas Storage Partners,0,0,0
20130108,93743,NKA,NYSE,10.70606749,12.07,924,0,Niska Gas Storage Partners,0,0,0
20130109,93743,NKA,NYSE,10.6528476,12.01,1062,0,Niska Gas Storage Partners,0,0,0
20130110,93743,NKA,NYSE,10.64397762,12,503,0,Niska Gas Storage Partners,0,0,0
20130111,93743,NKA,NYSE,10.3690082,11.69,741,0,Niska Gas Storage Partners,0,0,0
20130114,93743,NKA,NYSE,10.34239826,11.66,1396,0,Niska Gas Storage Partners,0,0,0
20130115,93743,NKA,NYSE,10.15612865,11.45,962,0,Niska Gas Storage Partners,0,0,0
20130116,93743,NKA,NYSE,10.20047856,11.5,494,0,Niska Gas Storage Partners,0,0,0
20130117,93743,NKA,NYSE,10.27143841,11.58,589,0,Niska Gas Storage Partners,0,0,0
20130118,93743,NKA,NYSE,10.51979788,11.86,1088,0,Niska Gas Storage Partners,0,0,0
20130122,93743,NKA,NYSE,10.64397762,12,1353,0,Niska Gas Storage Partners,0,0,0
20130123,93743,NKA,NYSE,10.61736768,11.97,883,0,Niska Gas Storage Partners,0,0,0
20130124,93743,NKA,NYSE,10.58188775,11.93,807,0,Niska Gas Storage Partners,0,0,0
20130125,93743,NKA,NYSE,10.61736768,11.97,488,0,Niska Gas Storage Partners,0,0,0
20130128,93743,NKA,NYSE,10.69719751,12.06,917,0,Niska Gas Storage Partners,0,0,0
20130129,93743,NKA,NYSE,10.77702734,12.15,921,0,Niska Gas Storage Partners,0,0,0
20130130,93743,NKA,NYSE,11.00764686,12.41,1926,0,Niska Gas Storage Partners,0,0,0
20130131,93743,NKA,NYSE,10.94555699,12.34,1779,0,Niska Gas Storage Partners,0,0,0
20130201,93743,NKA,NYSE,11.02538682,12.43,1324,0,Niska Gas Storage Partners,0,0,0
20130204,93743,NKA,NYSE,11.2737463,12.71,1378,0,Niska Gas Storage Partners,0,0,0
20130205,93743,NKA,NYSE,11.49549583,12.96,2423,0,Niska Gas Storage Partners,0,0,0
20130206,93743,NKA,NYSE,11.32696619,12.77,3076,0,Niska Gas Storage Partners,0,0,0
20130207,93743,NKA,NYSE,11.34520607,12.44,1205,0,Niska Gas Storage Partners,0,0,0
20130208,93743,NKA,NYSE,11.04424803,12.11,1285,0,Niska Gas Storage Partners,0,0,0
20130211,93743,NKA,NYSE,10.59737094,11.62,4427,0,Niska Gas Storage Partners,0,0,0
20130212,93743,NKA,NYSE,10.91656886,11.97,1771,0,Niska Gas Storage Partners,0,0,0
20130213,93743,NKA,NYSE,10.79800963,11.84,809,0,Niska Gas Storage Partners,0,0,0
20130214,93743,NKA,NYSE,10.90744892,11.96,783,0,Niska Gas Storage Partners,0,0,0
20130215,93743,NKA,NYSE,10.98040845,12.04,1495,0,Niska Gas Storage Partners,0,0,0
20130219,93743,NKA,NYSE,11.10808761,12.18,1031,0,Niska Gas Storage Partners,0,0,0
20130220,93743,NKA,NYSE,11.04424803,12.11,901,0,Niska Gas Storage Partners,0,0,0
20130221,93743,NKA,NYSE,10.68857035,11.72,1063,0,Niska Gas Storage Partners,0,0,0
20130222,93743,NKA,NYSE,10.77976975,11.82,450,0,Niska Gas Storage Partners,0,0,0
20130225,93743,NKA,NYSE,10.68857035,11.72,792,0,Niska Gas Storage Partners,0,0,0
20130226,93743,NKA,NYSE,10.98952839,12.05,622,0,Niska Gas Storage Partners,0,0,0
20130227,93743,NKA,NYSE,10.98040845,12.04,577,0,Niska Gas Storage Partners,0,0,0
20130228,93743,NKA,NYSE,10.77064981,11.81,928,0,Niska Gas Storage Partners,0,0,0
20130301,93743,NKA,NYSE,10.61561082,11.64,433,0,Niska Gas Storage Partners,0,0,0
20130304,93743,NKA,NYSE,10.77976975,11.82,911,0,Niska Gas Storage Partners,0,0,0
20130305,93743,NKA,NYSE,11.03512809,12.1,1030,0,Niska Gas Storage Partners,0,0,0
20130306,93743,NKA,NYSE,10.90744892,11.96,917,0,Niska Gas Storage Partners,0,0,0
20130307,93743,NKA,NYSE,10.95304862,12.01,627,0,Niska Gas Storage Partners,0,0,0
20130308,93743,NKA,NYSE,11.01688821,12.08,695,0,Niska Gas Storage Partners,0,0,0
20130311,93743,NKA,NYSE,11.18104714,12.26,980,0,Niska Gas Storage Partners,0,0,0
20130312,93743,NKA,NYSE,11.25400666,12.34,593,0,Niska Gas Storage Partners,0,0,0
20130313,93743,NKA,NYSE,11.39080577,12.49,1423,0,Niska Gas Storage Partners,0,0,0
20130314,93743,NKA,NYSE,11.5549647,12.67,1227,0,Niska Gas Storage Partners,0,0,0
20130315,93743,NKA,NYSE,11.42728553,12.53,593,0,Niska Gas Storage Partners,0,0,0
20130318,93743,NKA,NYSE,11.29960637,12.39,461,0,Niska Gas Storage Partners,0,0,0
20130319,93743,NKA,NYSE,11.34520607,12.44,1149,0,Niska Gas Storage Partners,0,0,0
20130320,93743,NKA,NYSE,11.40904565,12.51,966,0,Niska Gas Storage Partners,0,0,0
20130321,93743,NKA,NYSE,11.60968434,12.73,336,0,Niska Gas Storage Partners,0,0,0
20130322,93743,NKA,NYSE,11.4637653,12.57,742,0,Niska Gas Storage Partners,0,0,0
20130325,93743,NKA,NYSE,11.58232452,12.7,624,0,Niska Gas Storage Partners,0,0,0
20130326,93743,NKA,NYSE,11.6005644,12.72,965,0,Niska Gas Storage Partners,0,0,0
20130327,93743,NKA,NYSE,11.74648345,12.88,774,0,Niska Gas Storage Partners,0,0,0
20130328,93743,NKA,NYSE,11.74648345,12.88,860,0,Niska Gas Storage Partners,0,0,0
20130401,93743,NKA,NYSE,11.56408464,12.68,567,0,Niska Gas Storage Partners,866.0102712,1.33,11.71
20130402,93743,NKA,NYSE,11.45464536,12.56,788,0,Niska Gas Storage Partners,857.8145904,1.33,11.71
20130403,93743,NKA,NYSE,13.14183436,14.41,12353,0,Niska Gas Storage Partners,984.1646694,1.33,11.71
20130404,93743,NKA,NYSE,13.69815074,15.02,5348,0,Niska Gas Storage Partners,1025.826047,1.33,11.71
20130405,93743,NKA,NYSE,14.14502782,15.51,7216,0,Niska Gas Storage Partners,1059.291743,1.33,11.71
20130408,93743,NKA,NYSE,13.75287038,15.08,2613,0,Niska Gas Storage Partners,1029.923887,1.33,11.71
20130409,93743,NKA,NYSE,13.89878943,15.24,2299,0,Niska Gas Storage Partners,1040.851462,1.33,11.71
20130410,93743,NKA,NYSE,14.09030818,15.45,2036,0,Niska Gas Storage Partners,1055.193903,1.33,11.71
20130411,93743,NKA,NYSE,13.84406978,15.18,1315,0,Niska Gas Storage Partners,1036.753621,1.33,11.71
20130412,93743,NKA,NYSE,13.90790937,15.25,1387,0,Niska Gas Storage Partners,1041.534435,1.33,11.71
20130415,93743,NKA,NYSE,13.55223169,14.86,1185,0,Niska Gas Storage Partners,1014.898472,1.33,11.71
20130416,93743,NKA,NYSE,12.90471591,14.15,5067,0,Niska Gas Storage Partners,966.407361,1.33,11.71
20130417,93743,NKA,NYSE,12.74967692,13.98,1496,0,Niska Gas Storage Partners,954.7968132,1.33,11.71
20130418,93743,NKA,NYSE,13.05063495,14.31,1077,0,Niska Gas Storage Partners,977.3349354,1.33,11.71
20130419,93743,NKA,NYSE,13.00503525,14.26,818,0,Niska Gas Storage Partners,973.9200684,1.33,11.71
20130422,93743,NKA,NYSE,12.96855549,14.22,702,0,Niska Gas Storage Partners,971.1881748,1.33,11.71
20130423,93743,NKA,NYSE,13.45191234,14.75,696,0,Niska Gas Storage Partners,1007.385765,1.33,11.71
20130424,93743,NKA,NYSE,13.47015222,14.77,762,0,Niska Gas Storage Partners,1008.751712,1.33,11.71
20130425,93743,NKA,NYSE,13.64343109,14.96,719,0,Niska Gas Storage Partners,1021.728206,1.33,11.71
20130426,93743,NKA,NYSE,13.71639062,15.04,478,0,Niska Gas Storage Partners,1027.191994,1.33,11.71
20130429,93743,NKA,NYSE,13.77111026,15.1,885,0,Niska Gas Storage Partners,1031.289834,1.33,11.71
20130430,93743,NKA,NYSE,13.88054955,15.22,690,0,Niska Gas Storage Partners,1039.485515,1.33,11.71
20130501,93743,NKA,NYSE,13.7346305,15.06,719,0,Niska Gas Storage Partners,1028.55794,1.33,11.71
20130502,93743,NKA,NYSE,13.62519121,14.94,907,0,Niska Gas Storage Partners,1020.36226,1.33,11.71
20130503,93743,NKA,NYSE,13.7802302,15.11,1189,0,Niska Gas Storage Partners,1031.972807,1.33,11.71
20130506,93743,NKA,NYSE,13.72551056,15.05,1646,0,Niska Gas Storage Partners,1027.874967,1.33,11.71
20130507,93743,NKA,NYSE,13.46103228,14.76,1384,0,Niska Gas Storage Partners,1008.068738,1.33,11.71
20130508,93743,NKA,NYSE,12.82263644,14.06,1901,0,Niska Gas Storage Partners,960.2606004,1.33,11.71
20130509,93743,NKA,NYSE,13.26951353,14.55,4863,0,Niska Gas Storage Partners,993.726297,1.33,11.71
20130510,93743,NKA,NYSE,12.99591531,14.25,3783,0,Niska Gas Storage Partners,973.237095,1.33,11.71
20130513,93743,NKA,NYSE,13.1053546,14.37,1033,0,Niska Gas Storage Partners,981.4327758,1.33,11.71
20130514,93743,NKA,NYSE,13.35159299,14.64,1306,0,Niska Gas Storage Partners,999.8730576,1.33,11.71
20130515,93743,NKA,NYSE,13.51575192,14.82,1986,0,Niska Gas Storage Partners,1012.166579,1.33,11.71
20130516,93743,NKA,NYSE,13.48773032,14.44,229,0,Niska Gas Storage Partners,986.2135896,1.33,11.71
20130517,93743,NKA,NYSE,13.43168712,14.38,945,0,Niska Gas Storage Partners,982.1157492,1.33,11.71
20130520,93743,NKA,NYSE,13.07674685,14,1929,0,Niska Gas Storage Partners,956.16276,1.33,11.71
20130521,93743,NKA,NYSE,13.91739486,14.9,2772,0,Niska Gas Storage Partners,1017.630366,1.33,11.71
20130522,93743,NKA,NYSE,13.37564392,14.32,1348,0,Niska Gas Storage Partners,978.0179088,1.33,11.71
20130523,93743,NKA,NYSE,13.58113566,14.54,1006,0,Niska Gas Storage Partners,993.0433236,1.33,11.71
20130524,93743,NKA,NYSE,13.51575192,14.47,676,0,Niska Gas Storage Partners,988.2625098,1.33,11.71
20130528,93743,NKA,NYSE,13.81464899,14.79,1470,0,Niska Gas Storage Partners,1010.117659,1.33,11.71
20130529,93743,NKA,NYSE,14.0108002,15,835,0,Niska Gas Storage Partners,1024.4601,1.33,11.71
20130530,93743,NKA,NYSE,14.19761087,15.2,1047,0,Niska Gas Storage Partners,1038.119568,1.33,11.71
20130531,93743,NKA,NYSE,14.02948126,15.02,850,0,Niska Gas Storage Partners,1025.826047,1.33,11.71
20130603,93743,NKA,NYSE,13.34762232,14.29,1968,0,Niska Gas Storage Partners,975.9689886,1.33,11.71
20130604,93743,NKA,NYSE,13.56245459,14.52,3603,0,Niska Gas Storage Partners,991.6773768,1.33,11.71
20130605,93743,NKA,NYSE,13.24487645,14.18,639,0,Niska Gas Storage Partners,968.4562812,1.33,11.71
20130606,93743,NKA,NYSE,13.18883325,14.12,697,0,Niska Gas Storage Partners,964.3584408,1.33,11.71
20130607,93743,NKA,NYSE,13.37564392,14.32,653,0,Niska Gas Storage Partners,978.0179088,1.33,11.71
20130610,93743,NKA,NYSE,13.35696285,14.3,716,0,Niska Gas Storage Partners,976.651962,1.33,11.71
20130611,93743,NKA,NYSE,13.22619539,14.16,506,0,Niska Gas Storage Partners,967.0903344,1.33,11.71
20130612,93743,NKA,NYSE,13.18883325,14.12,421,0,Niska Gas Storage Partners,964.3584408,1.33,11.71
20130613,93743,NKA,NYSE,13.12344952,14.05,1689,0,Niska Gas Storage Partners,959.577627,1.33,11.71
20130614,93743,NKA,NYSE,13.24487645,14.18,646,0,Niska Gas Storage Partners,968.4562812,1.33,11.71
20130617,93743,NKA,NYSE,13.44102766,14.39,518,0,Niska Gas Storage Partners,982.7987226,1.33,11.71
20130618,93743,NKA,NYSE,13.78662739,14.76,2025,0,Niska Gas Storage Partners,1008.068738,1.33,11.71
20130619,93743,NKA,NYSE,13.42234659,14.37,843,0,Niska Gas Storage Partners,981.4327758,1.33,11.71
20130620,93743,NKA,NYSE,13.36630339,14.31,1277,0,Niska Gas Storage Partners,977.3349354,1.33,11.71
20130621,93743,NKA,NYSE,13.21685485,14.15,665,0,Niska Gas Storage Partners,966.407361,1.33,11.71
20130624,93743,NKA,NYSE,13.17949272,14.11,885,0,Niska Gas Storage Partners,963.6754674,1.33,11.71
20130625,93743,NKA,NYSE,13.49707086,14.45,804,0,Niska Gas Storage Partners,986.896563,1.33,11.71
20130626,93743,NKA,NYSE,13.69322206,14.66,992,0,Niska Gas Storage Partners,1001.239004,1.33,11.71
20130627,93743,NKA,NYSE,13.88937326,14.87,765,0,Niska Gas Storage Partners,1015.581446,1.33,11.71
20130628,93743,NKA,NYSE,13.954757,14.94,568,0,Niska Gas Storage Partners,1020.36226,1.33,11.71
20130701,93743,NKA,NYSE,13.93607593,14.92,513,0,Niska Gas Storage Partners,1018.996313,1.33,11.71
20130702,93743,NKA,NYSE,14.00145966,14.99,578,0,Niska Gas Storage Partners,1023.777127,1.33,11.71
20130703,93743,NKA,NYSE,13.78662739,14.76,259,0,Niska Gas Storage Partners,1008.068738,1.33,11.71
20130705,93743,NKA,NYSE,13.63717886,14.6,286,0,Niska Gas Storage Partners,997.073128,1.71,9.34
20130708,93743,NKA,NYSE,13.67454099,14.64,416,0,Niska Gas Storage Partners,999.8317728,1.69,9.49
20130709,93743,NKA,NYSE,13.96409753,14.95,818,0,Niska Gas Storage Partners,1021.003074,1.69,9.49
20130710,93743,NKA,NYSE,13.59981672,14.56,723,0,Niska Gas Storage Partners,994.3682112,1.69,9.49
20130711,93743,NKA,NYSE,13.66520046,14.63,593,0,Niska Gas Storage Partners,999.1488276,1.69,9.49
20130712,93743,NKA,NYSE,13.86135166,14.84,488,0,Niska Gas Storage Partners,1013.490677,1.69,9.49
20130715,93743,NKA,NYSE,13.9267354,14.91,677,0,Niska Gas Storage Partners,1018.783004,1.67,9.57
20130716,93743,NKA,NYSE,14.02948126,15.02,768,0,Niska Gas Storage Partners,1026.299177,1.67,9.57
20130717,93743,NKA,NYSE,14.08552447,15.08,579,0,Niska Gas Storage Partners,1030.398907,1.67,9.57
20130718,93743,NKA,NYSE,14.0108002,15,1215,0,Niska Gas Storage Partners,1024.9326,1.67,9.57
20130719,93743,NKA,NYSE,14.2069514,15.21,519,0,Niska Gas Storage Partners,1039.281656,1.67,9.57
20130722,93743,NKA,NYSE,14.2910162,15.3,439,0,Niska Gas Storage Partners,1045.147896,1.71,9.33
20130723,93743,NKA,NYSE,14.08552447,15.08,522,0,Niska Gas Storage Partners,1030.119626,1.71,9.33
20130724,93743,NKA,NYSE,13.58113566,14.54,1068,0,Niska Gas Storage Partners,993.2320528,1.71,9.33
20130725,93743,NKA,NYSE,13.77728686,14.75,662,0,Niska Gas Storage Partners,1007.57722,1.71,9.33
20130726,93743,NKA,NYSE,13.75860579,14.73,453,0,Niska Gas Storage Partners,1006.211014,1.71,9.33
20130729,93743,NKA,NYSE,13.54377352,14.5,656,0,Niska Gas Storage Partners,990.291855,1.69,9.49
20130730,93743,NKA,NYSE,13.09542792,14.02,1343,0,Niska Gas Storage Partners,957.5097798,1.69,9.49
20130731,93743,NKA,NYSE,13.17015219,14.1,520,0,Niska Gas Storage Partners,962.973459,1.69,9.49
20130801,93743,NKA,NYSE,13.33828179,14.28,627,0,Niska Gas Storage Partners,975.2667372,1.69,9.49
20130802,93743,NKA,NYSE,13.60915726,14.57,874,0,Niska Gas Storage Partners,995.0725743,1.69,9.49
20130805,93743,NKA,NYSE,13.59981672,14.56,486,0,Niska Gas Storage Partners,994.4169872,1.63,9.8
20130806,93743,NKA,NYSE,13.91739486,14.9,635,0,Niska Gas Storage Partners,1017.638263,1.63,9.8
20130807,93743,NKA,NYSE,13.64651939,14.61,634,0,Niska Gas Storage Partners,997.8318807,1.63,9.8
20130808,93743,NKA,NYSE,14.01974117,14.65,479,0,Niska Gas Storage Partners,1000.563796,1.63,9.8
20130809,93743,NKA,NYSE,13.7326475,14.35,887,0,Niska Gas Storage Partners,980.0744345,1.63,9.8
20130812,93743,NKA,NYSE,13.66565897,14.28,1062,0,Niska Gas Storage Partners,975.2194704,1.67,9.56
20130813,93743,NKA,NYSE,13.74221728,14.36,609,0,Niska Gas Storage Partners,980.6828848,1.67,9.56
20130814,93743,NKA,NYSE,13.7326475,14.35,432,0,Niska Gas Storage Partners,979.999958,1.67,9.56
20130815,93743,NKA,NYSE,13.57953087,14.19,743,0,Niska Gas Storage Partners,969.0731292,1.67,9.56
20130816,93743,NKA,NYSE,13.45512361,14.06,665,0,Niska Gas Storage Partners,960.1950808,1.67,9.56
20130819,93743,NKA,NYSE,13.45512361,14.06,740,0,Niska Gas Storage Partners,960.2000018,1.62,9.87
20130820,93743,NKA,NYSE,13.45512361,14.06,2923,0,Niska Gas Storage Partners,960.2000018,1.62,9.87
20130821,93743,NKA,NYSE,13.4646934,14.07,557,0,Niska Gas Storage Partners,960.8829321,1.62,9.87
20130822,93743,NKA,NYSE,13.6369496,14.25,555,0,Niska Gas Storage Partners,973.1756775,1.62,9.87
20130823,93743,NKA,NYSE,13.93361307,14.56,1384,0,Niska Gas Storage Partners,994.3465168,1.62,9.87
20130826,93743,NKA,NYSE,13.56039129,14.17,671,0,Niska Gas Storage Partners,967.7122351,1.62,9.87
20130827,93743,NKA,NYSE,13.54125171,14.15,439,0,Niska Gas Storage Partners,488.058404,0.83,9.82
20130828,93743,NKA,NYSE,13.9910318,14.62,692,0,Niska Gas Storage Partners,504.2695312,0.83,9.82
20130829,93743,NKA,NYSE,13.86662454,14.49,338,0,Niska Gas Storage Partners,499.7856024,0.83,9.82
20130830,93743,NKA,NYSE,13.54125171,14.15,459,0,Niska Gas Storage Partners,488.058404,0.83,9.82
20130903,93743,NKA,NYSE,13.70393813,14.32,394,0,Niska Gas Storage Partners,493.964104,0.85,9.66
20130904,93743,NKA,NYSE,13.7326475,14.35,340,0,Niska Gas Storage Partners,494.998945,0.85,9.66
20130905,93743,NKA,NYSE,13.71350792,14.33,289,0,Niska Gas Storage Partners,494.309051,0.85,9.66
20130906,93743,NKA,NYSE,13.68479855,14.3,182,0,Niska Gas Storage Partners,493.27421,0.85,9.66
20130909,93743,NKA,NYSE,13.78049644,14.4,333,0,Niska Gas Storage Partners,496.648944,0.84,9.77
20130910,93743,NKA,NYSE,13.91447349,14.54,581,0,Niska Gas Storage Partners,501.4774754,0.84,9.77
20130911,93743,NKA,NYSE,14.06759012,14.7,435,0,Niska Gas Storage Partners,506.995797,0.84,9.77
20130912,93743,NKA,NYSE,14.09629948,14.73,458,0,Niska Gas Storage Partners,508.0304823,0.84,9.77
20130913,93743,NKA,NYSE,13.84748497,14.47,690,0,Niska Gas Storage Partners,499.0632097,0.84,9.77
20130916,93743,NKA,NYSE,13.89533391,14.52,541,0,Niska Gas Storage Partners,500.824566,0.86,9.5
20130917,93743,NKA,NYSE,14.05802033,14.69,440,0,Niska Gas Storage Partners,506.6882145,0.86,9.5
20130918,93743,NKA,NYSE,13.92404328,14.55,475,0,Niska Gas Storage Partners,501.8593275,0.86,9.5
20130919,93743,NKA,NYSE,14.29726506,14.94,630,0,Niska Gas Storage Partners,515.311227,0.86,9.5
20130920,93743,NKA,NYSE,13.93361307,14.56,451,0,Niska Gas Storage Partners,502.204248,0.86,9.5
20130923,93743,NKA,NYSE,13.89533391,14.52,502,0,Niska Gas Storage Partners,500.8203552,0.87,9.37
20130924,93743,NKA,NYSE,13.92404328,14.55,402,0,Niska Gas Storage Partners,501.855108,0.87,9.37
20130925,93743,NKA,NYSE,13.98146201,14.61,334,0,Niska Gas Storage Partners,503.9246136,0.87,9.37
20130926,93743,NKA,NYSE,14.4408119,15.09,1390,0,Niska Gas Storage Partners,520.4806584,0.87,9.37
20130927,93743,NKA,NYSE,14.52694,15.18,805,0,Niska Gas Storage Partners,523.5849168,0.87,9.37
20130930,93743,NKA,NYSE,14.78532431,15.45,599,0,Niska Gas Storage Partners,532.9129875,0.88,9.28
20131001,93743,NKA,NYSE,14.68962641,15.35,349,0,Niska Gas Storage Partners,529.4637125,0.88,9.28
20131002,93743,NKA,NYSE,15.00542946,15.68,1101,0,Niska Gas Storage Partners,540.84632,0.88,9.28
20131003,93743,NKA,NYSE,15.1489763,15.83,610,0,Niska Gas Storage Partners,546.0202325,0.88,9.28
20131004,93743,NKA,NYSE,14.87145241,15.54,1027,0,Niska Gas Storage Partners,536.017335,0.88,9.28
20131007,93743,NKA,NYSE,14.76618473,15.43,262,0,Niska Gas Storage Partners,532.2060052,0.92,8.84
20131008,93743,NKA,NYSE,14.30683485,14.95,587,0,Niska Gas Storage Partners,515.650018,0.92,8.84
20131009,93743,NKA,NYSE,14.01017138,14.64,504,0,Niska Gas Storage Partners,504.9576096,0.92,8.84
20131010,93743,NKA,NYSE,14.27812548,14.92,645,0,Niska Gas Storage Partners,514.6152688,0.92,8.84
20131011,93743,NKA,NYSE,14.93844093,15.61,351,0,Niska Gas Storage Partners,538.4145004,0.92,8.84
20131014,93743,NKA,NYSE,14.76618473,15.43,333,0,Niska Gas Storage Partners,532.2060052,0.92,8.84
20131015,93743,NKA,NYSE,14.83317325,15.5,383,0,Niska Gas Storage Partners,534.62042,0.92,8.84
20131016,93743,NKA,NYSE,15.13940651,15.82,628,0,Niska Gas Storage Partners,545.6577448,0.92,8.84
20131017,93743,NKA,NYSE,16.03896669,16.76,1815,0,Niska Gas Storage Partners,578.0798864,0.92,8.84
20131018,93743,NKA,NYSE,15.54133765,16.24,1006,0,Niska Gas Storage Partners,560.1442336,0.92,8.84
20131021,93743,NKA,NYSE,15.37865124,16.07,1016,0,Niska Gas Storage Partners,554.2806548,0.92,8.84
20131022,93743,NKA,NYSE,14.83317325,15.5,982,0,Niska Gas Storage Partners,534.62042,0.92,8.84
20131023,93743,NKA,NYSE,15.43606997,16.13,985,0,Niska Gas Storage Partners,556.3501532,0.92,8.84
20131024,93743,NKA,NYSE,15.38822103,16.08,873,0,Niska Gas Storage Partners,554.6255712,0.92,8.84
20131025,93743,NKA,NYSE,15.12026693,15.8,550,0,Niska Gas Storage Partners,544.967912,0.92,8.84
20131028,93743,NKA,NYSE,15.29252313,15.98,413,0,Niska Gas Storage Partners,551.1764072,0.92,8.84
20131029,93743,NKA,NYSE,15.12026693,15.8,552,0,Niska Gas Storage Partners,544.999986,0.94,8.71
20131030,93743,NKA,NYSE,15.45520955,16.15,793,0,Niska Gas Storage Partners,557.0727705,0.94,8.71
20131031,93743,NKA,NYSE,15.12026693,15.8,350,0,Niska Gas Storage Partners,544.999986,0.94,8.71
20131101,93743,NKA,NYSE,15.26381377,15.95,564,0,Niska Gas Storage Partners,550.1740365,0.94,8.71
20131104,93743,NKA,NYSE,15.29252313,15.98,740,0,Niska Gas Storage Partners,551.1346994,0.92,8.86
20131105,93743,NKA,NYSE,15.20639503,15.89,488,0,Niska Gas Storage Partners,548.0306867,0.92,8.86
20131106,93743,NKA,NYSE,15.31166271,16,449,0,Niska Gas Storage Partners,551.82448,0.92,8.86
20131107,93743,NKA,NYSE,15.29252313,15.98,719,0,Niska Gas Storage Partners,551.1346994,0.92,8.86
20131108,93743,NKA,NYSE,15.40993214,15.75,563,0,Niska Gas Storage Partners,543.2022225,0.92,8.86
20131111,93743,NKA,NYSE,15.12619371,15.46,711,0,Niska Gas Storage Partners,1056.187932,1.79,8.96
20131112,93743,NKA,NYSE,15.11640962,15.45,631,0,Niska Gas Storage Partners,1055.504757,1.79,8.96
20131113,93743,NKA,NYSE,14.98921653,15.32,380,0,Niska Gas Storage Partners,1046.623487,1.79,8.96
20131114,93743,NKA,NYSE,15.13597779,15.47,438,0,Niska Gas Storage Partners,1056.871106,1.79,8.96
20131115,93743,NKA,NYSE,15.16533004,15.5,405,0,Niska Gas Storage Partners,1058.92063,1.79,8.96
20131118,93743,NKA,NYSE,15.0674892,15.4,664,0,Niska Gas Storage Partners,1052.167732,1.77,9.05
20131119,93743,NKA,NYSE,14.81310302,15.14,573,0,Niska Gas Storage Partners,1034.403861,1.77,9.05
20131120,93743,NKA,NYSE,15.16533004,15.5,513,0,Niska Gas Storage Partners,1058.99999,1.77,9.05
20131121,93743,NKA,NYSE,14.98921653,15.32,498,0,Niska Gas Storage Partners,1046.701926,1.77,9.05
20131122,93743,NKA,NYSE,15.0674892,15.4,637,0,Niska Gas Storage Partners,1052.167732,1.77,9.05
20131125,93743,NKA,NYSE,14.91094386,15.24,288,0,Niska Gas Storage Partners,531.915624,0.93,9.14
20131126,93743,NKA,NYSE,14.85223936,15.18,207,0,Niska Gas Storage Partners,529.821468,0.93,9.14
20131127,93743,NKA,NYSE,14.77396669,15.1,313,0,Niska Gas Storage Partners,527.02926,0.93,9.14
20131129,93743,NKA,NYSE,14.87180753,15.2,202,0,Niska Gas Storage Partners,530.51952,0.93,9.14
20131202,93743,NKA,NYSE,14.7054781,15.03,375,0,Niska Gas Storage Partners,524.5668396,0.91,9.27
20131203,93743,NKA,NYSE,14.24562616,14.56,905,0,Niska Gas Storage Partners,508.1632192,0.91,9.27
20131204,93743,NKA,NYSE,14.26519432,14.58,1128,0,Niska Gas Storage Partners,508.8612456,0.91,9.27
20131205,93743,NKA,NYSE,14.47066009,14.79,710,0,Niska Gas Storage Partners,516.1905228,0.91,9.27
20131206,93743,NKA,NYSE,14.43152375,14.75,361,0,Niska Gas Storage Partners,514.79447,0.91,9.27
20131209,93743,NKA,NYSE,14.38260333,14.7,748,0,Niska Gas Storage Partners,513.05499,0.9,9.47
20131210,93743,NKA,NYSE,14.50001234,14.82,430,0,Niska Gas Storage Partners,517.243194,0.9,9.47
20131211,93743,NKA,NYSE,14.28476249,14.6,874,0,Niska Gas Storage Partners,509.56482,0.9,9.47
20131212,93743,NKA,NYSE,14.26519432,14.58,670,0,Niska Gas Storage Partners,508.866786,0.9,9.47
20131213,93743,NKA,NYSE,14.23584207,14.55,613,0,Niska Gas Storage Partners,507.819735,0.9,9.47
20131216,93743,NKA,NYSE,14.7641826,15.09,647,0,Niska Gas Storage Partners,526.7499498,0.88,9.6
20131217,93743,NKA,NYSE,14.69569402,15.02,407,0,Niska Gas Storage Partners,524.3064444,0.88,9.6
20131218,93743,NKA,NYSE,14.73483035,15.06,471,0,Niska Gas Storage Partners,525.7027332,0.88,9.6
20131219,93743,NKA,NYSE,14.88159161,15.21,408,0,Niska Gas Storage Partners,530.9388162,0.88,9.6
20131220,93743,NKA,NYSE,15.13597779,15.47,660,0,Niska Gas Storage Partners,540.0146934,0.88,9.6
20131223,93743,NKA,NYSE,15.16533004,15.5,714,0,Niska Gas Storage Partners,541.047185,0.92,9.2
20131224,93743,NKA,NYSE,14.82288711,15.15,411,0,Niska Gas Storage Partners,528.8299905,0.92,9.2
20131226,93743,NKA,NYSE,14.69569402,15.02,623,0,Niska Gas Storage Partners,524.2921754,0.92,9.2
20131227,93743,NKA,NYSE,14.71526218,15.04,362,0,Niska Gas Storage Partners,524.9903008,0.92,9.2
20131230,93743,NKA,NYSE,14.43152375,14.75,593,0,Niska Gas Storage Partners,514.87707,0.91,9.32
20131231,93743,NKA,NYSE,14.44130783,14.76,813,0,Niska Gas Storage Partners,515.2261392,0.91,9.32
20140102,93743,NKA,NYSE,14.27497841,14.59,460,0,Niska Gas Storage Partners,509.2919628,0.91,9.32
20140103,93743,NKA,NYSE,14.38260333,14.7,760,0,Niska Gas Storage Partners,513.131724,0.91,9.32
20140106,93743,NKA,NYSE,14.63698951,14.96,430,0,Niska Gas Storage Partners,522.2075232,0.91,9.32
20140107,93743,NKA,NYSE,14.24562616,14.56,476,0,Niska Gas Storage Partners,508.2447552,0.91,9.32
20140108,93743,NKA,NYSE,14.49022825,14.81,392,0,Niska Gas Storage Partners,516.9714852,0.91,9.32
20140109,93743,NKA,NYSE,14.25541024,14.57,869,0,Niska Gas Storage Partners,508.5938244,0.91,9.32
20140110,93743,NKA,NYSE,14.18692165,14.5,989,0,Niska Gas Storage Partners,506.15034,0.91,9.32
20140113,93743,NKA,NYSE,14.14778532,14.46,673,0,Niska Gas Storage Partners,504.7540632,0.91,9.32
20140114,93743,NKA,NYSE,14.50001234,14.82,1361,0,Niska Gas Storage Partners,517.3205544,0.91,9.32
20140115,93743,NKA,NYSE,14.53914867,14.86,571,0,Niska Gas Storage Partners,518.7168312,0.91,9.32
20140116,93743,NKA,NYSE,14.67612585,15,558,0,Niska Gas Storage Partners,523.6038,0.91,9.32
20140117,93743,NKA,NYSE,14.99900062,15.33,892,0,Niska Gas Storage Partners,535.1230836,0.91,9.32
20140121,93743,NKA,NYSE,15.13597779,15.47,650,0,Niska Gas Storage Partners,540.0100524,0.91,9.32
20140122,93743,NKA,NYSE,15.32187539,15.66,1034,0,Niska Gas Storage Partners,546.6423672,0.91,9.32
20140123,93743,NKA,NYSE,15.36101172,15.7,315,0,Niska Gas Storage Partners,548.038644,0.91,9.32
20140124,93743,NKA,NYSE,15.23381863,15.57,349,0,Niska Gas Storage Partners,543.5007444,0.91,9.32
20140127,93743,NKA,NYSE,14.86202344,15.19,666,0,Niska Gas Storage Partners,530.2361148,0.91,9.32
20140128,93743,NKA,NYSE,15.17511413,15.51,647,0,Niska Gas Storage Partners,541.4063292,0.91,9.32
20140129,93743,NKA,NYSE,15.01856878,15.35,478,0,Niska Gas Storage Partners,535.821222,0.91,9.32
20140130,93743,NKA,NYSE,14.89137569,15.22,816,0,Niska Gas Storage Partners,531.2833224,0.91,9.32
20140131,93743,NKA,NYSE,15.07727329,15.41,910,0,Niska Gas Storage Partners,537.9156372,0.91,9.32
20140203,93743,NKA,NYSE,15.42950031,15.77,2054,0,Niska Gas Storage Partners,550.4821284,0.91,9.32
20140204,93743,NKA,NYSE,15.36101172,15.7,1894,0,Niska Gas Storage Partners,548.038644,0.91,9.32
20140205,93743,NKA,NYSE,15.86,16.21,1667,0,Niska Gas Storage Partners,565.8411732,0.91,9.32
20140206,93743,NKA,NYSE,15.58,15.58,1452,0,Niska Gas Storage Partners,543.8498136,0.91,9.32
20140207,93743,NKA,NYSE,15.85,15.85,820,0,Niska Gas Storage Partners,553.274682,0.91,9.32
20140210,93743,NKA,NYSE,14.54,14.54,3427,0,Niska Gas Storage Partners,507.5466168,0.91,9.32
20140211,93743,NKA,NYSE,14.56,14.56,2008,0,Niska Gas Storage Partners,508.2447552,0.91,9.32
20140212,93743,NKA,NYSE,14.77,14.77,4531,0,Niska Gas Storage Partners,515.5752084,0.91,9.32
20140213,93743,NKA,NYSE,12.97,12.97,4684,0,Niska Gas Storage Partners,452.7427524,0.91,9.32
20140214,93743,NKA,NYSE,11.89,11.89,11618,0,Niska Gas Storage Partners,415.0432788,0.91,9.32
20140218,93743,NKA,NYSE,12.5,12.5,3669,0,Niska Gas Storage Partners,436.3365,0.91,9.32
20140219,93743,NKA,NYSE,12.4,12.4,2254,0,Niska Gas Storage Partners,432.845808,0.91,9.32
20140220,93743,NKA,NYSE,12.4,12.4,2016,0,Niska Gas Storage Partners,432.845808,0.91,9.32
20140221,93743,NKA,NYSE,12.38,12.38,1124,0,Niska Gas Storage Partners,432.1476696,0.91,9.32
20140224,93743,NKA,NYSE,12.49,12.49,1613,0,Niska Gas Storage Partners,435.9874308,0.91,9.32
20140225,93743,NKA,NYSE,13.38,13.38,3459,0,Niska Gas Storage Partners,467.0545896,0.91,9.32
20140226,93743,NKA,NYSE,13,13,2499,0,Niska Gas Storage Partners,453.78996,0.91,9.32
20140227,93743,NKA,NYSE,13.05,13.05,1432,0,Niska Gas Storage Partners,455.535306,0.91,9.32
20140228,93743,NKA,NYSE,13.24,13.24,1937,0,Niska Gas Storage Partners,462.1676208,0.91,9.32
20140303,93743,NKA,NYSE,13.76,13.76,2231,0,Niska Gas Storage Partners,480.3192192,0.91,9.32
20140304,93743,NKA,NYSE,13.65,13.65,909,0,Niska Gas Storage Partners,476.479458,0.91,9.32
20140305,93743,NKA,NYSE,13.52,13.52,1152,0,Niska Gas Storage Partners,471.9415584,0.91,9.32
20140306,93743,NKA,NYSE,13.22,13.22,2163,0,Niska Gas Storage Partners,461.4694824,0.91,9.32
20140307,93743,NKA,NYSE,13.39,13.39,360,0,Niska Gas Storage Partners,467.4036588,0.91,9.32
